CREATE DATABASE  IF NOT EXISTS `buenasalud` /*!40100 DEFAULT CHARACTER SET utf8mb4 COLLATE utf8mb4_unicode_ci */ /*!80016 DEFAULT ENCRYPTION='N' */;
USE `buenasalud`;
-- MySQL dump 10.13  Distrib 8.0.31, for Win64 (x86_64)
--
-- Host: 127.0.0.1    Database: buenasalud
-- ------------------------------------------------------
-- Server version	8.0.30

/*!40101 SET @OLD_CHARACTER_SET_CLIENT=@@CHARACTER_SET_CLIENT */;
/*!40101 SET @OLD_CHARACTER_SET_RESULTS=@@CHARACTER_SET_RESULTS */;
/*!40101 SET @OLD_COLLATION_CONNECTION=@@COLLATION_CONNECTION */;
/*!50503 SET NAMES utf8 */;
/*!40103 SET @OLD_TIME_ZONE=@@TIME_ZONE */;
/*!40103 SET TIME_ZONE='+00:00' */;
/*!40014 SET @OLD_UNIQUE_CHECKS=@@UNIQUE_CHECKS, UNIQUE_CHECKS=0 */;
/*!40014 SET @OLD_FOREIGN_KEY_CHECKS=@@FOREIGN_KEY_CHECKS, FOREIGN_KEY_CHECKS=0 */;
/*!40101 SET @OLD_SQL_MODE=@@SQL_MODE, SQL_MODE='NO_AUTO_VALUE_ON_ZERO' */;
/*!40111 SET @OLD_SQL_NOTES=@@SQL_NOTES, SQL_NOTES=0 */;

--
-- Table structure for table `dept`
--

DROP TABLE IF EXISTS `dept`;
/*!40101 SET @saved_cs_client     = @@character_set_client */;
/*!50503 SET character_set_client = utf8mb4 */;
CREATE TABLE `dept` (
  `Dept_No` int NOT NULL,
  `DNombre` varchar(255) CHARACTER SET utf8mb4 COLLATE utf8mb4_unicode_ci DEFAULT NULL,
  `Loc` varchar(45) NOT NULL,
  PRIMARY KEY (`Dept_No`),
  UNIQUE KEY `Dept_no_UNIQUE` (`Dept_No`)
) ENGINE=InnoDB DEFAULT CHARSET=latin1;
/*!40101 SET character_set_client = @saved_cs_client */;

--
-- Dumping data for table `dept`
--

LOCK TABLES `dept` WRITE;
/*!40000 ALTER TABLE `dept` DISABLE KEYS */;
INSERT INTO `dept` VALUES (1,'Kutasari','46084-041'),(2,'Wuyao','62257-605'),(3,'Tignapalan','66116-389'),(4,'Wugong','54340-005'),(5,'Lamas','11523-7190'),(6,'Ruse','51079-980'),(7,'Cajamar','57520-0134'),(8,'Faraulep','49349-056'),(9,'Luzhi','68094-518'),(10,'Ishkhoy-Yurt','41167-0844'),(11,'Arras','0409-2776'),(12,'Mazongling','51346-156'),(13,'Xo’jayli Shahri','68645-201'),(14,'Gaobeijie','68151-0667'),(15,'Lakateng','52125-100'),(16,'Bijeli','0615-7583'),(17,'Pasirbatang','53499-7133'),(18,'Woja','68220-113'),(19,'Chervonohryhorivka','21695-488'),(20,'Mezhdurechensk','21695-016'),(21,'Tarbes','43689-0007'),(22,'Koksovyy','36987-2643'),(23,'Kanekomachi','68327-027'),(24,'Crauthem','68345-862'),(25,'La Courneuve','68084-490'),(26,'Caper','0924-0123'),(27,'Łaszczów','49781-036'),(28,'La Courneuve','58986-020'),(29,'Cabrela','16590-288'),(30,'Kayakent','0884-6600'),(31,'Tsimasham','0054-0198'),(32,'Adh Dhayd','61589-3813'),(33,'Guinoaliuan','49035-558'),(34,'São Gonçalo do Amarante','0378-3015'),(35,'Nasilava','52083-481'),(36,'Mbanza-Ngungu','61333-201'),(37,'Xuwei','49349-242'),(38,'Včelná','67877-305'),(39,'Wesoła','36800-401'),(40,'Maunggora','36987-2027'),(41,'Namangan Shahri','22700-143'),(42,'Eskifjörður','0113-0056'),(43,'San José de Feliciano','0093-7152'),(44,'Teixoso','37808-210'),(45,'Solnechnogorsk','0093-4059'),(46,'Duanshen','49349-546'),(47,'Ljungby','65840-100'),(48,'la Massana','49035-291'),(49,'Sapernoye','11084-177'),(50,'Nizhniy Novgorod','60429-767'),(51,'Hajnówka','46122-265'),(52,'Ughelli','51346-161'),(53,'Kunčina','53808-0261'),(54,'Korenovsk','24236-988'),(55,'Bratislava','54868-4983'),(56,'Saint Louis','55264-020'),(57,'Oyabe','54458-881'),(58,'Parchal','49288-9935'),(59,'Lavia','36987-3418'),(60,'L\'Île-Perrot','0781-6203'),(61,'20 de Noviembre','0268-0811'),(62,'Khadyzhensk','68382-099'),(63,'Xinkai','10237-655'),(64,'Ḩalāwah','0299-3913'),(65,'Momil','68472-104'),(66,'Pomacanchi','55111-355'),(67,'Dabao’anzhen','46122-206'),(68,'Daigo','49967-505'),(69,'Mashan','65862-097'),(70,'Tylicz','50458-090'),(71,'Lalukoen Dua','42507-368'),(72,'Daping','65342-0101'),(73,'Kansas City','68151-1487'),(74,'Doudleby nad Orlicí','36987-2052'),(75,'Липково','52125-888'),(76,'Skwierzyna','53808-0602'),(77,'Orita Eruwa','0378-3133'),(78,'Kathu','55312-272'),(79,'Lechinkay','17452-400'),(80,'Tsetsegnuur','57520-0917'),(81,'Sergelen','57664-175'),(82,'Mirzāpur','51393-7588'),(83,'Gao','33992-1412'),(84,'Gulrip’shi','36006-001'),(85,'Cishan','51525-7815'),(86,'Zhushan','0054-3027'),(87,'Casal da Serra','43419-325'),(88,'Listvyanka','45865-412'),(89,'Buffalo','21749-745'),(90,'Sidu','63323-024'),(91,'Demuk','49288-0305'),(92,'Sidem','49035-041'),(93,'Espérance Trébuchet','53746-110'),(94,'Shuangshi','54868-3765'),(95,'Nevel’','61767-001'),(96,'Xiadian','55289-447'),(97,'Taboão da Serra','68387-140'),(98,'Balice','0268-1440'),(99,'North Perth','24987-097'),(100,'Hirara','68645-320'),(101,'Gandajika','35356-136'),(102,'Tianhe','10802-1202'),(103,'Lafia','47682-392'),(104,'Pekuncen','66993-053'),(105,'Imām Şāḩib','51655-185'),(106,'Ngã Bảy','63843-465'),(107,'Gubu','0268-1223'),(108,'Montpellier','63868-406'),(109,'Makbon','0378-3530'),(110,'Baiquan','68878-131'),(111,'Nagasari','53808-0688'),(112,'Awarawar','0781-5052'),(113,'Borlänge','51991-817'),(114,'Duofudu','48951-2037'),(115,'Bumpe','68084-041'),(116,'Lyon','54868-5655'),(117,'Pakuncen','68382-544'),(118,'Wuppertal','54868-4386'),(119,'Kluczbork','10191-1411'),(120,'White Rock','67253-941'),(121,'Ḩalḩūl','63629-4018'),(122,'Adjumani','54272-102'),(123,'Enschede','48433-100'),(124,'Huacapampa','68084-190'),(125,'Turus','55045-3259'),(126,'Taohua','0268-1389'),(127,'Samadua','0363-0208'),(128,'København','0268-1086'),(129,'Karanglo','0603-1330'),(130,'Guangdu','10812-863'),(131,'Batang','33261-049'),(132,'San Benito','68180-122'),(133,'Zougang','55154-2064'),(134,'Mirovice','48951-3039'),(135,'Birendranagar','35356-981'),(136,'Xingfeng','0517-4810'),(137,'Stapleford','64720-327'),(138,'Chenjiaba','52533-165'),(139,'Quintã','30142-831'),(140,'Invermere','58118-0508'),(141,'Las Varas','66993-409'),(142,'Santo Domingo','63629-3646'),(143,'Orguz','0220-9280'),(144,'Dongzhaogezhuang','55050-0001'),(145,'Tabogon','52685-340'),(146,'Aroeira','55315-238'),(147,'Yashiro','49288-0497'),(148,'Monte Plata','0228-4019'),(149,'Cocachacra','43353-914'),(150,'Dole','68196-544'),(151,'Bay-ang','68382-792'),(152,'Bluefields','0409-3373'),(153,'Dos Quebradas','54569-4900'),(154,'Paiisa','55910-603'),(155,'Junliangcheng','55154-9616'),(156,'Chunoyar','53808-0816'),(157,'Belozërskoye','62670-3754'),(158,'Campos Sales','58411-149'),(159,'Skutskär','57955-5134'),(160,'Zengfu','0781-5790'),(161,'Qianzhou','76308-001'),(162,'Kanália','64616-070'),(163,'Catbalogan','63548-6352'),(164,'Baška Voda','41250-800'),(165,'Najiaying','51655-163'),(166,'Los Tangos','36987-1805'),(167,'Fray Luis A. Beltrán','0268-6203'),(168,'Orguz','43353-799'),(169,'Linköping','33261-672'),(170,'Chotcza','59535-9001'),(171,'Haikoudajie','40032-090'),(172,'Gasi','36987-3050'),(173,'Muarabadak','50021-016'),(174,'Cachadinha','61786-051'),(175,'Nesterov','16590-397'),(176,'Huangpo','36987-2384'),(177,'Vuzenica','68084-275'),(178,'Messina','21695-071'),(179,'Zdice','68745-1035'),(180,'Stockholm','60742-002'),(181,'Domašinec','58118-8344'),(182,'Gromnik','51660-526'),(183,'Qiaolin','50436-9989'),(184,'Guaratinguetá','0615-6580'),(185,'Tambo','68599-6114'),(186,'Zhangjiaji','0113-0259'),(187,'Östhammar','46007-203'),(188,'Princeville','54340-180'),(189,'Antas','14783-226'),(190,'Huangdu','43063-354'),(191,'Kuncen','54838-522'),(192,'Foso','0904-6080'),(193,'Kuala Terengganu','64679-990'),(194,'Ngala','24385-430'),(195,'Citeguh','54622-697'),(196,'Mszana Dolna','43596-0011'),(197,'Rijeka','49349-124'),(198,'Millet','0268-1041'),(199,'Chigorodó','37000-149'),(200,'Roanoke','35356-471'),(201,'Tumpang','0093-5125'),(202,'Puerto Galera','75990-959'),(203,'Zhangjiaji','10370-510'),(204,'Minnedosa','52959-129'),(205,'Pledo','11509-0306'),(206,'Nikita','43269-796'),(207,'Changgang','54575-182'),(208,'Roma','54868-3023'),(209,'Casais Baleal','13537-005'),(210,'Bergem','0041-0340'),(211,'São Mamede','0054-0224'),(212,'Demak','0023-4385'),(213,'Malaḩ','16590-898'),(214,'Khorramdarreh','50192-113'),(215,'San Vicente','49288-0052'),(216,'Fucun','52751-001'),(217,'Caucagüito','98132-904'),(218,'Nida','0615-7546'),(219,'Jurva','63776-370'),(220,'Hongsi','49349-382'),(221,'Stockholm','61077-039'),(222,'Kolyshley','66336-666'),(223,'La Punta','0054-4182'),(224,'Vale','21695-878'),(225,'Oepula','0268-6405'),(226,'Novovladykino','0062-0165'),(227,'Labuan','54868-4987'),(228,'Gigante','50436-3800'),(229,'Apiaí','36987-3081'),(230,'Ciherang','54868-4151'),(231,'Topeka','42858-901'),(232,'Rancabugel','0363-0050'),(233,'Cikaso','49580-3104'),(234,'San Joaquin','67751-009'),(235,'Llama','52125-248'),(236,'Casais Brancos','13668-110'),(237,'Karangtalun','55154-6630'),(238,'Amsterdam Binnenstad en Oostelijk Havengebied','57817-300'),(239,'Vilarinho','62670-8042'),(240,'Talldaww','60505-3438'),(241,'Krajan Selatan','10812-188'),(242,'Horta','67767-133'),(243,'Cabalawan','0143-1785'),(244,'Jetis','59260-135'),(245,'Jinotepe','36987-3267'),(246,'Ndendé','11673-173'),(247,'Riangwale','54868-4997'),(248,'Yelets','35356-662'),(249,'Eindhoven','49288-0664'),(250,'Qianzhou','67510-1562'),(251,'Sabang','55154-5086'),(252,'North Shore','55289-376'),(253,'Henglu','61919-221'),(254,'Gunungjulang','50804-247'),(255,'Mucuri','52810-203'),(256,'Ōmamachō-ōmama','63354-300'),(257,'Sangba','57955-0134'),(258,'Jiyukou','68809-544'),(259,'Miami','53942-210'),(260,'Huacrapuquio','13668-266'),(261,'Severomorsk','0615-5530'),(262,'Gande','55714-2233'),(263,'Goiana','53808-0340'),(264,'Chuanxi','43742-0213'),(265,'Suncun','41250-737'),(266,'Villeneuve-sur-Lot','67046-211'),(267,'Gunungpeundeuy','0436-0946'),(268,'Huaylillas','54575-092'),(269,'Quinta de Valadares','64679-670'),(270,'Langnga','49288-0409'),(271,'Dhahab','61957-1021'),(272,'Xiangzikou','53808-0962'),(273,'Rende','13925-101'),(274,'Cholargós','41520-977'),(275,'Capacmarca','54868-4819'),(276,'Sidenreng','33992-8463'),(277,'Itaguaí','48951-8108'),(278,'Ping’an','50436-0120'),(279,'Nikhom Phattana','65862-155'),(280,'Avallon','0115-1208'),(281,'Austin','0268-1030'),(282,'Gandzak','24385-634'),(283,'Hexi','49349-335'),(284,'Katori-shi','46994-908'),(285,'Ouro Preto do Oeste','10544-278'),(286,'Pittsburgh','42254-056'),(287,'Bumbuna','49035-544'),(288,'Uherský Ostroh','55154-5650'),(289,'Tabira','49035-019'),(290,'Rajal Norte','47781-297'),(291,'Novyy Svit','55154-2430'),(292,'Svenljunga','0093-0321'),(293,'Dizangué','36987-1869'),(294,'San Marcos','11489-068'),(295,'Xiapu','0071-0222'),(296,'Malibago','43526-101'),(297,'Ráječko','45802-910'),(298,'Barwałd Średni','36987-2867'),(299,'Shuidong','11673-311'),(300,'Fosca','0338-6308'),(301,'Lansing','54575-319'),(302,'Schœlcher','16571-330'),(303,'Lurugan','0187-0792'),(304,'Bang Bo District','43948-1101'),(305,'Mandal','36987-2918'),(306,'Bogorejo','35356-777'),(307,'Maevatanana','43857-0112'),(308,'Saint-Leu-la-Forêt','0268-1029'),(309,'Ligang','0115-0691'),(310,'Lakkíon','59779-969'),(311,'Tochio-honchō','54575-104'),(312,'Yakymivka','52959-410'),(313,'Pedraza La Vieja','66582-414'),(314,'Dostoyevka','49349-903'),(315,'Angra dos Reis','53499-0094'),(316,'Tulay na Lupa','50382-003'),(317,'Semuda','50436-6753'),(318,'Onsŏng','48951-8206'),(319,'Lyubashivka','13668-006'),(320,'Itatskiy','53329-642'),(321,'Sadabumi','0113-0884'),(322,'Nifuboko','13537-513'),(323,'Tilmi','64406-015'),(324,'Pombal','10631-115'),(325,'Limoges','41520-145'),(326,'Fuchun','50181-0010'),(327,'Koronowo','0078-0248'),(328,'Heshan','68151-1438'),(329,'Taytayan','24338-320'),(330,'Sabang','61380-311'),(331,'Olivia','0268-0623'),(332,'Atar','0093-0314'),(333,'Iligan City','0703-9514'),(334,'Mabu','55315-559'),(335,'Jiaoyang','0781-5937'),(336,'Shakhtars’k','0228-3262'),(337,'Cadiz','63941-242'),(338,'Corroios','67777-121'),(339,'Houmt Souk','61727-333'),(340,'Tambakromo','49643-419'),(341,'Sâmraông','0268-6677'),(342,'Sączów','0378-5005'),(343,'Lagoa Seca','42291-805'),(344,'San Vicente','61958-1101'),(345,'Urrô','11673-255'),(346,'Montpellier','30142-230'),(347,'Đoan Hùng','63323-387'),(348,'Būr Safājah','30142-424'),(349,'Lapachito','21695-377'),(350,'Kowale','52125-353'),(351,'Nariño','50021-304'),(352,'Di Linh','0093-0073'),(353,'Johor Bahru','55154-6343'),(354,'Umanday Centro','44009-802'),(355,'Richmond','0085-1334'),(356,'la Massana','49371-037'),(357,'Boshof','50383-959'),(358,'Stubno','51531-9480'),(359,'Bangbayang Kaler','0615-3512'),(360,'Cumedak','43063-415'),(361,'Moriguchi','43742-0302'),(362,'Xinhua','75936-121'),(363,'Fengshan','54973-2905'),(364,'Pedroso','59630-629'),(365,'Trondheim','67253-943'),(366,'Sarongan','52584-042'),(367,'Yaypan','49999-885'),(368,'Sambir','51009-001'),(369,'Lisewo Malborskie','12634-531'),(370,'Puyang','60512-1032'),(371,'Miedzichowo','12488-2000'),(372,'Richmond','36987-1854'),(373,'Pasarnangka','75977-8149'),(374,'Benešov','63029-302'),(375,'Utarapasar','54575-916'),(376,'Basail','57955-0064'),(377,'Huajie','35356-905'),(378,'Nizhnyaya Salda','55154-4604'),(379,'Cavaillon','54868-5538'),(380,'Gaoxing','58118-2116'),(381,'Qingshan','10755-015'),(382,'San Miguel Chicaj','0781-5125'),(383,'Famaillá','44911-0047'),(384,'Costa Nova do Prado','43979-439'),(385,'Nyurba','53499-2872'),(386,'Laojunpo','10578-040'),(387,'Jatisari','40104-811'),(388,'Unquillo','37808-470'),(389,'Rajapeni','11822-0499'),(390,'Medzhibozh','0440-7244'),(391,'Ijuw','54868-4630'),(392,'Noen Maprang','53240-151'),(393,'Bayantal','21130-391'),(394,'Boise','60512-6448'),(395,'Anping','49884-019'),(396,'Evansville','0527-1704'),(397,'Baška Voda','64778-0215'),(398,'Miragaia','48951-1148'),(399,'Okayama-shi','0143-9724'),(400,'Zhongxing','0185-0128'),(401,'Kemijärvi','55319-101'),(402,'Włosienica','30142-050'),(403,'Lagoa','62257-783'),(404,'Ridder','54868-5622'),(405,'Chefchaouene','13537-003'),(406,'Chenyang','68084-342'),(407,'Kalmar','76159-345'),(408,'Sivers’k','11716-0103'),(409,'Novhorod-Sivers’kyy','59779-327'),(410,'Albert Town','11673-675'),(411,'Kavýli','50474-597'),(412,'Yelets','68306-105'),(413,'Walenrang','41250-309'),(414,'Saddina','0781-1228'),(415,'Dalai','52125-332'),(416,'Srinagarindra','59078-003'),(417,'Mao’er','0135-0555'),(418,'Qiaolin','0781-5526'),(419,'Malko Tŭrnovo','60512-8025'),(420,'Kiszkowo','64725-6044'),(421,'Luowan','57520-0271'),(422,'Novoarkhanhel’s’k','16590-767'),(423,'Nice','10191-1361'),(424,'Ryczywół','42291-655'),(425,'Nakhon Pathom','52747-902'),(426,'Hukeng','54868-4563'),(427,'Vaggeryd','55154-4427'),(428,'Mahaica Village','10812-509'),(429,'Jingzhou','51079-284'),(430,'Khrenovoye','0074-3368'),(431,'Opinogóra Górna','54868-5900'),(432,'Ketapang','42953-002'),(433,'Machala','65954-584'),(434,'San Pedro Carchá','53746-271'),(435,'Pedro Leopoldo','55301-004'),(436,'Las Piñas','54569-5759'),(437,'Qarqīn','10122-326'),(438,'Baiyinnuole','36987-2174'),(439,'Las Vegas','60429-172'),(440,'Bang Klam','30142-226'),(441,'Slatina','64725-0772'),(442,'Changjiang','0173-0824'),(443,'Khinjān','63824-456'),(444,'Semibratovo','58118-1342'),(445,'Xinjie','67296-0105'),(446,'Xiqiao','43853-0007'),(447,'Plesná','51393-7112'),(448,'Golema Rečica','64679-810'),(449,'Kuripan','0113-0829'),(450,'Metulla','13537-503'),(451,'Cibaregbeg Dua','50066-080'),(452,'Depok','57297-205'),(453,'Yanshang','63629-4578'),(454,'Los Rastrojos','62756-701'),(455,'Capâo Bonito','0074-4380'),(456,'Uthal','10147-0922'),(457,'Villa Bustos','43598-331'),(458,'Xikou','11673-656'),(459,'Hoolt','64896-672'),(460,'Torrão','0409-6533'),(461,'Chigang','63868-257'),(462,'Annecy','50169-0006'),(463,'Ngou','33342-020'),(464,'Luyang','36800-463'),(465,'Pechora','62756-633'),(466,'Padova','25021-129'),(467,'Kristiansand S','54973-5230'),(468,'Khorixas','58407-125'),(469,'Fier-Çifçi','15054-0060'),(470,'Liulihe','55154-4747'),(471,'El Tambo','36987-1922'),(472,'Mełgiew','44087-9005'),(473,'Narva-Jõesuu','17139-613'),(474,'Diepsloot','60505-2876'),(475,'Извор','59779-704'),(476,'Az Zulfi','63739-802'),(477,'Chiba','59535-4201'),(478,'Lourdes','13668-339'),(479,'Kitchener','35356-525'),(480,'Sukolilo','52862-005'),(481,'Shakhty','11410-812'),(482,'Yumendong','54868-6269'),(483,'Ilinden','43406-0127'),(484,'Yasothon','45802-974'),(485,'Aipe','13537-422'),(486,'Bang Sao Thong','66467-3790'),(487,'Fort Wayne','48951-9050'),(488,'Cikembar','43063-422'),(489,'Celje','24236-418'),(490,'Weiyuankou','58118-0692'),(491,'Barubandung','0904-0734'),(492,'Tucurú','99207-240'),(493,'Penticton','56062-282'),(494,'Kaeng Khoi','63739-575'),(495,'Parung','42291-625'),(496,'Lianokládhion','0378-6233'),(497,'San José','51670-100'),(498,'Santo Domingo','0536-4086'),(499,'Houbai','42549-511'),(500,'Dukoh','49668-001');
/*!40000 ALTER TABLE `dept` ENABLE KEYS */;
UNLOCK TABLES;

--
-- Table structure for table `emp`
--

DROP TABLE IF EXISTS `emp`;
/*!40101 SET @saved_cs_client     = @@character_set_client */;
/*!50503 SET character_set_client = utf8mb4 */;
CREATE TABLE `emp` (
  `Emp_No` int NOT NULL,
  `Apellido` varchar(45) CHARACTER SET latin1 NOT NULL,
  `Oficio` varchar(100) NOT NULL,
  `Dir` varchar(45) CHARACTER SET latin1 NOT NULL,
  `Fecha_Alt` date NOT NULL,
  `Salario` decimal(10,2) NOT NULL,
  `Comision` decimal(10,2) NOT NULL,
  `Dept_No` int NOT NULL,
  PRIMARY KEY (`Emp_No`),
  UNIQUE KEY `Emp_No_UNIQUE` (`Emp_No`)
) ENGINE=InnoDB DEFAULT CHARSET=latin2;
/*!40101 SET character_set_client = @saved_cs_client */;

--
-- Dumping data for table `emp`
--

LOCK TABLES `emp` WRITE;
/*!40000 ALTER TABLE `emp` DISABLE KEYS */;
INSERT INTO `emp` VALUES (1,'Wroth','Staff Scientist','77103 Schiller Parkway','2017-04-20',3396.00,122.00,26),(2,'Raubenheimer','Software Test Engineer IV','70684 Randy Hill','2016-06-02',1418.00,233.00,22),(3,'Hebburn','Professor','005 North Junction','2019-10-17',630.00,122.00,5),(4,'Beedham','Teacher','862 East Hill','2020-06-03',3083.00,235.00,4),(5,'Gilardengo','Desktop Support Technician','734 Golden Leaf Center','2017-01-28',1030.00,146.00,6),(6,'Ind','Compensation Analyst','302 Tomscot Hill','2022-10-08',3982.00,117.00,14),(7,'Hauger','Health Coach II','498 Coolidge Circle','2020-06-08',1997.00,223.00,15),(8,'Balling','Senior Sales Associate','867 Transport Parkway','2022-08-12',616.00,223.00,30),(9,'Ridewood','VP Accounting','0 Northwestern Court','2018-05-21',2365.00,123.00,1),(10,'Lobley','Occupational Therapist','479 Morningstar Avenue','2017-03-02',1946.00,102.00,23),(11,'Tasch','Research Nurse','96 Merry Center','2020-01-25',3020.00,175.00,13),(12,'Siely','Programmer I','418 Carioca Lane','2022-01-12',3019.00,213.00,25),(13,'Macak','Payment Adjustment Coordinator','2 Doe Crossing Drive','2015-12-20',3856.00,287.00,8),(14,'Gotch','Teacher','8778 Spohn Point','2020-12-09',3739.00,158.00,5),(15,'Futter','Programmer Analyst IV','94054 North Point','2020-11-24',1980.00,202.00,14),(16,'Stote','Senior Cost Accountant','17 Stang Plaza','2020-04-08',2931.00,128.00,17),(17,'Gillivrie','Dental Hygienist','24 Dapin Drive','2020-05-24',1298.00,162.00,9),(18,'Yesson','Senior Cost Accountant','7559 Tomscot Plaza','2016-09-13',2650.00,284.00,16),(19,'Day','Payment Adjustment Coordinator','64058 Bayside Crossing','2016-12-24',865.00,110.00,27),(20,'Harrild','Tax Accountant','69295 Kinsman Pass','2017-06-17',2204.00,229.00,28),(21,'Gregr','Account Executive','9120 Summit Alley','2019-12-04',2769.00,106.00,12),(22,'Cluitt','Cost Accountant','16658 Moose Hill','2019-11-04',2150.00,182.00,3),(23,'Fairtlough','Staff Accountant IV','123 Helena Terrace','2021-10-15',565.00,230.00,11),(24,'Farthin','Account Representative III','55 Buhler Pass','2021-07-07',1523.00,101.00,26),(25,'Duiguid','Paralegal','3 Dottie Avenue','2016-05-13',3482.00,205.00,7),(26,'Geekie','Programmer Analyst III','72370 Gina Pass','2019-04-11',1615.00,167.00,25),(27,'Medhurst','Senior Quality Engineer','482 Eagan Pass','2020-09-26',1608.00,176.00,26),(28,'Karolowski','Health Coach I','48541 Reindahl Circle','2020-03-26',2909.00,232.00,2),(29,'Divill','Compensation Analyst','84423 Welch Trail','2020-04-28',2721.00,134.00,5),(30,'Tall','Business Systems Development Analyst','629 5th Way','2018-02-23',3932.00,237.00,25),(31,'Goublier','Business Systems Development Analyst','48661 Di Loreto Pass','2021-08-04',3949.00,286.00,6),(32,'Trevaskiss','Web Designer III','995 Hanson Park','2018-07-17',2911.00,271.00,13),(33,'Lodin','Nurse Practicioner','40 Hazelcrest Hill','2016-09-08',1416.00,229.00,4),(34,'Clougher','Structural Engineer','6 Luster Lane','2021-11-28',617.00,102.00,1),(35,'Wraighte','Librarian','95262 Goodland Lane','2021-06-02',1103.00,287.00,21),(36,'Letten','Assistant Media Planner','05507 Bonner Court','2017-11-14',2343.00,277.00,1),(37,'Barge','Budget/Accounting Analyst IV','1525 Scofield Alley','2018-05-10',2011.00,169.00,19),(38,'Ensley','Senior Sales Associate','13 Sheridan Hill','2022-06-29',1612.00,134.00,25),(39,'Malcolmson','Biostatistician III','13 Moose Lane','2020-03-13',1834.00,174.00,11),(40,'Suermeiers','Senior Quality Engineer','5883 Tomscot Way','2016-07-12',3779.00,198.00,16),(41,'Renne','Quality Engineer','49 Norway Maple Road','2019-12-16',1583.00,188.00,13),(42,'Mayor','Desktop Support Technician','2063 Union Hill','2019-08-10',2052.00,152.00,30),(43,'Nazair','Senior Editor','9288 Commercial Avenue','2016-12-08',3887.00,247.00,4),(44,'Cowap','Senior Developer','42 Scofield Drive','2016-10-15',2800.00,166.00,27),(45,'Skate','Statistician I','3168 Larry Center','2016-12-14',1773.00,297.00,24),(46,'Vannozzii','Compensation Analyst','446 Oak Point','2016-02-22',3053.00,167.00,18),(47,'Gleadle','Marketing Manager','21273 Butternut Parkway','2022-10-03',2564.00,123.00,17),(48,'Hartford','Dental Hygienist','25 Sloan Pass','2020-09-22',1870.00,145.00,19),(49,'Clayal','Biostatistician I','562 Sheridan Alley','2019-05-01',2603.00,183.00,8),(50,'Thridgould','Assistant Media Planner','99 Starling Trail','2017-05-09',2811.00,268.00,26),(51,'Symon','Structural Analysis Engineer','62638 Kedzie Way','2019-01-14',1187.00,135.00,7),(52,'Bachelar','Editor','920 Oak Alley','2022-01-26',2608.00,125.00,8),(53,'Buckenhill','Structural Engineer','43 New Castle Avenue','2021-07-30',3502.00,213.00,7),(54,'Sermin','Staff Accountant II','60246 Beilfuss Drive','2022-03-31',3494.00,227.00,6),(55,'Brereton','Nuclear Power Engineer','757 Manley Lane','2015-12-10',3748.00,259.00,10),(56,'Julyan','Graphic Designer','64597 Saint Paul Parkway','2022-07-06',2362.00,200.00,13),(57,'Gramer','Accountant II','999 Kropf Avenue','2020-11-02',3662.00,115.00,23),(58,'Lamborn','Desktop Support Technician','52 Basil Lane','2019-05-14',681.00,205.00,15),(59,'Benmore','Research Associate','847 Melrose Point','2020-08-30',2132.00,139.00,18),(60,'Maffini','Speech Pathologist','51484 Rieder Terrace','2018-05-10',3147.00,184.00,3),(61,'Dowdney','Web Designer I','67 Jackson Alley','2021-02-27',767.00,289.00,25),(62,'Polglase','Environmental Tech','7 Lakewood Way','2021-10-26',1309.00,116.00,10),(63,'Ryding','Health Coach III','9193 Dakota Trail','2019-11-11',1503.00,176.00,1),(64,'Lonergan','Nuclear Power Engineer','821 Loftsgordon Place','2016-04-17',618.00,124.00,27),(65,'Alger','Marketing Manager','0741 Schiller Point','2020-04-25',677.00,191.00,15),(66,'Carnalan','Systems Administrator IV','86 Bay Center','2018-08-26',1274.00,192.00,17),(67,'Duguid','Administrative Assistant II','6 Truax Center','2016-07-19',583.00,177.00,12),(68,'Shurlock','Quality Engineer','1930 Sachs Place','2020-07-23',1175.00,273.00,23),(69,'Licence','Mechanical Systems Engineer','689 Everett Drive','2020-06-21',2539.00,127.00,22),(70,'Kienl','Electrical Engineer','4290 Corben Court','2017-07-23',592.00,114.00,15),(71,'Banaszkiewicz','Junior Executive','9482 Lillian Court','2016-03-04',1527.00,272.00,13),(72,'MacGibbon','Project Manager','6575 Namekagon Avenue','2018-03-29',2315.00,103.00,28),(73,'Cheeney','Office Assistant II','72083 Park Meadow Parkway','2016-02-20',662.00,131.00,14),(74,'Hinrichs','Health Coach IV','34 Lien Drive','2017-06-24',557.00,193.00,25),(75,'Gooly','Nuclear Power Engineer','0084 Trailsway Place','2017-05-17',765.00,140.00,4),(76,'Verdie','Accounting Assistant IV','64720 Division Plaza','2020-01-10',3894.00,237.00,5),(77,'Stillmann','Financial Analyst','7 Eggendart Junction','2015-12-19',1441.00,285.00,4),(78,'Murcott','Legal Assistant','79551 Oak Valley Circle','2016-10-07',609.00,292.00,24),(79,'Morfield','Office Assistant III','571 Emmet Drive','2016-09-09',1315.00,144.00,30),(80,'Filippozzi','Nurse Practicioner','611 Lotheville Plaza','2019-04-22',1765.00,140.00,17),(81,'Mardell','Desktop Support Technician','0 Vidon Way','2022-09-21',620.00,249.00,25),(82,'Roselli','Compensation Analyst','64065 Warner Parkway','2017-10-01',731.00,108.00,2),(83,'Tetlow','VP Product Management','463 Beilfuss Trail','2022-08-02',1842.00,121.00,2),(84,'Budden','Information Systems Manager','586 International Junction','2017-01-22',3550.00,232.00,27),(85,'Antonovic','Geological Engineer','6 Hanson Junction','2018-04-11',946.00,242.00,3),(86,'Tomadoni','Senior Quality Engineer','5 Heath Parkway','2020-11-22',1933.00,247.00,4),(87,'Segge','Compensation Analyst','0680 Pawling Avenue','2021-03-29',2461.00,236.00,17),(88,'Ruthen','Help Desk Technician','91 Elka Way','2016-03-03',3342.00,229.00,22),(89,'Verralls','Business Systems Development Analyst','64681 Heffernan Hill','2016-01-09',612.00,116.00,13),(90,'Abramin','Accountant I','978 Mccormick Pass','2017-10-12',2838.00,208.00,21),(91,'Adne','Quality Engineer','341 Saint Paul Park','2017-02-09',2409.00,262.00,30),(92,'Semkins','Software Engineer I','717 Carberry Terrace','2018-08-02',2934.00,223.00,19),(93,'Murtell','Senior Developer','04 Texas Avenue','2021-10-18',3204.00,140.00,18),(94,'Rodinger','Legal Assistant','55423 Heffernan Pass','2017-06-12',1059.00,139.00,27),(95,'Saunderson','Design Engineer','728 Dakota Court','2019-08-30',1213.00,238.00,9),(96,'Lufkin','Database Administrator II','37718 Service Center','2020-01-22',2236.00,179.00,16),(97,'Wilcockes','Engineer III','3368 Pawling Court','2019-07-25',1207.00,120.00,7),(98,'Rozenbaum','Assistant Manager','30610 Burning Wood Drive','2022-09-22',3273.00,298.00,10),(99,'Moggle','Office Assistant II','9226 Maywood Avenue','2019-06-11',3825.00,144.00,24),(100,'Yeell','Chemical Engineer','9 Summer Ridge Alley','2022-07-23',2796.00,133.00,24),(101,'De La Cote','Structural Analysis Engineer','930 Corben Plaza','2018-11-07',3509.00,113.00,11),(102,'Lanceter','Marketing Assistant','5 Summit Court','2022-04-01',2184.00,228.00,5),(103,'Malimoe','Web Designer II','84070 Lake View Pass','2020-08-21',3067.00,241.00,20),(104,'Woodyeare','Teacher','7 Fair Oaks Trail','2021-05-15',3834.00,163.00,15),(105,'Drinkhall','Structural Analysis Engineer','62 Anderson Terrace','2018-11-26',1286.00,106.00,7),(106,'Meijer','Tax Accountant','996 Judy Parkway','2021-02-13',1307.00,244.00,26),(107,'Bramo','Pharmacist','239 Pierstorff Park','2021-06-26',2285.00,186.00,22),(108,'Enric','Systems Administrator II','2646 Mesta Junction','2017-09-02',2671.00,264.00,18),(109,'Kenefick','Account Coordinator','50 Colorado Center','2018-01-05',1220.00,138.00,5),(110,'Laxe','Nurse','54 Mayer Pass','2017-09-03',663.00,125.00,24),(111,'Costigan','Professor','72711 Grim Avenue','2016-08-22',750.00,165.00,6),(112,'Duesberry','Clinical Specialist','8918 Bartelt Place','2019-05-24',592.00,115.00,15),(113,'Alu','Quality Control Specialist','2788 Trailsway Crossing','2016-05-10',2659.00,105.00,7),(114,'Alexsandrovich','Clinical Specialist','2284 Rowland Street','2021-09-07',2187.00,276.00,10),(115,'Aickin','Actuary','8445 Green Alley','2021-07-25',846.00,115.00,13),(116,'Laurencot','Senior Cost Accountant','7344 Di Loreto Pass','2021-09-02',3786.00,128.00,28),(117,'Schimke','Sales Associate','7208 Moulton Alley','2017-03-02',864.00,125.00,2),(118,'Poulston','Developer III','631 Northridge Pass','2019-08-23',2450.00,270.00,30),(119,'Valadez','Chemical Engineer','29748 Redwing Trail','2020-05-26',1086.00,274.00,21),(120,'Heinig','Web Developer III','2 Onsgard Circle','2016-02-13',2142.00,150.00,1),(121,'Barkess','Assistant Professor','803 Shoshone Plaza','2016-06-25',2355.00,230.00,27),(122,'Gulley','Civil Engineer','5 Thierer Hill','2018-02-11',2832.00,194.00,29),(123,'Nix','Quality Control Specialist','5459 Alpine Center','2018-03-02',2720.00,196.00,4),(124,'Buffey','Assistant Professor','26821 Elka Parkway','2021-03-15',838.00,220.00,14),(125,'Hanselmann','Staff Scientist','2 Homewood Parkway','2016-10-23',2463.00,199.00,17),(126,'Muschette','Sales Representative','9 Ludington Trail','2019-12-26',1023.00,262.00,28),(127,'Morlon','Office Assistant I','83 Alpine Drive','2021-07-05',3278.00,249.00,21),(128,'Chominski','Information Systems Manager','40454 Sullivan Center','2022-09-21',3984.00,286.00,22),(129,'Petrozzi','Internal Auditor','7 Killdeer Parkway','2018-09-22',581.00,171.00,3),(130,'Crichten','Information Systems Manager','29 Carey Parkway','2019-02-04',3152.00,283.00,23),(131,'Stannering','Chemical Engineer','12107 Park Meadow Parkway','2017-04-29',2361.00,190.00,24),(132,'Jaynes','Automation Specialist I','129 Corry Drive','2022-09-23',2120.00,167.00,21),(133,'Godsal','Dental Hygienist','6 Armistice Center','2016-09-25',3637.00,260.00,23),(134,'Govan','Food Chemist','43033 Onsgard Avenue','2021-04-20',3542.00,139.00,27),(135,'Bellamy','Programmer Analyst II','2527 Old Shore Alley','2017-11-07',2011.00,153.00,9),(136,'Allanby','Biostatistician II','10 Schmedeman Drive','2018-11-20',2432.00,122.00,24),(137,'Belliss','Research Assistant III','7 Crownhardt Lane','2021-05-10',2589.00,269.00,20),(138,'Wrigglesworth','Information Systems Manager','47460 Northfield Pass','2021-04-06',597.00,257.00,4),(139,'Gilberthorpe','Paralegal','8660 Dennis Lane','2019-03-21',3855.00,171.00,3),(140,'Myrick','Account Representative II','4183 Summit Hill','2019-06-13',3592.00,176.00,20),(141,'Thorlby','General Manager','468 Banding Hill','2022-08-26',1194.00,268.00,25),(142,'Kiloh','Senior Financial Analyst','46391 Little Fleur Terrace','2017-03-21',3798.00,176.00,25),(143,'Roydon','Electrical Engineer','50656 Namekagon Hill','2018-05-21',3244.00,132.00,11),(144,'Crawley','Chief Design Engineer','0680 East Way','2018-04-15',2308.00,259.00,23),(145,'Lafrentz','Account Coordinator','23854 Blue Bill Park Avenue','2019-04-02',1798.00,167.00,10),(146,'Greedyer','Physical Therapy Assistant','0 Manufacturers Plaza','2019-12-19',3971.00,130.00,8),(147,'Comberbach','Mechanical Systems Engineer','24968 Morning Road','2017-12-05',3317.00,285.00,20),(148,'Frear','Administrative Officer','5 Lindbergh Parkway','2021-01-07',1209.00,236.00,18),(149,'Domokos','Structural Analysis Engineer','99 Prairie Rose Point','2022-07-28',2169.00,163.00,2),(150,'Gadie','Marketing Manager','818 Mifflin Crossing','2017-01-20',3311.00,148.00,5),(151,'Hards','Chemical Engineer','8813 Forster Center','2021-08-22',836.00,212.00,4),(152,'Edlyn','Nurse Practicioner','879 Banding Hill','2016-12-31',1032.00,215.00,8),(153,'MacLise','VP Product Management','36250 Caliangt Park','2021-01-28',1369.00,226.00,5),(154,'Banyard','Cost Accountant','0 Blaine Park','2019-02-22',3493.00,248.00,26),(155,'Croll','Registered Nurse','69 Saint Paul Trail','2019-12-16',865.00,295.00,3),(156,'Scougal','Environmental Specialist','7 Center Hill','2021-05-06',2265.00,202.00,1),(157,'Vlasenko','Structural Engineer','4824 Sommers Terrace','2016-04-18',1063.00,278.00,22),(158,'Hartland','Account Coordinator','87 Old Gate Way','2017-11-22',2153.00,230.00,4),(159,'Norwell','Accountant IV','54567 Pond Terrace','2018-03-25',3269.00,139.00,13),(160,'Petroff','Technical Writer','6263 Talisman Avenue','2016-07-24',2771.00,112.00,23),(161,'Lippard','Food Chemist','4 Ohio Pass','2022-09-04',762.00,153.00,13),(162,'Hulbert','Senior Quality Engineer','4679 Schurz Parkway','2022-07-20',1039.00,255.00,12),(163,'Rannald','Human Resources Manager','169 Manley Terrace','2016-07-21',679.00,214.00,8),(164,'Haysham','Nurse','47 Burning Wood Drive','2016-05-08',1555.00,226.00,10),(165,'Sword','Compensation Analyst','56793 Carpenter Pass','2021-09-17',1229.00,199.00,5),(166,'Bleasdale','Account Coordinator','649 Golden Leaf Center','2016-03-07',928.00,117.00,23),(167,'Cornil','Office Assistant II','59029 Carpenter Avenue','2016-07-21',1005.00,263.00,18),(168,'McKibbin','Speech Pathologist','98 Moulton Hill','2022-10-26',1210.00,155.00,10),(169,'Mullan','Web Designer II','24 East Terrace','2019-08-31',3584.00,264.00,26),(170,'Uvedale','Geologist II','0987 Meadow Ridge Plaza','2020-08-08',1056.00,283.00,20),(171,'Durrington','Assistant Manager','980 Ruskin Street','2020-04-02',3372.00,272.00,28),(172,'Bamfield','Community Outreach Specialist','4 Gina Junction','2016-02-20',3753.00,180.00,11),(173,'McGeachie','Librarian','30980 Bunker Hill Circle','2022-12-02',2295.00,259.00,28),(174,'Tomenson','Legal Assistant','0541 Montana Terrace','2016-09-25',1866.00,292.00,26),(175,'Goldstein','Account Representative I','471 Thierer Parkway','2022-08-19',819.00,202.00,23),(176,'Hulett','Tax Accountant','8528 Hansons Pass','2018-05-31',722.00,118.00,15),(177,'Bolderoe','Social Worker','9633 5th Point','2022-09-14',534.00,119.00,7),(178,'Foakes','Engineer IV','74868 Forest Dale Way','2017-10-20',2031.00,201.00,1),(179,'Richfield','Sales Representative','36001 Mcguire Plaza','2019-09-09',3147.00,159.00,29),(180,'Hartwright','Media Manager IV','0 Stone Corner Point','2016-01-30',3898.00,291.00,24),(181,'Huggons','Geologist II','8296 Nova Drive','2018-08-05',3008.00,206.00,19),(182,'Della Scala','Payment Adjustment Coordinator','7499 Stephen Point','2017-01-09',1716.00,257.00,10),(183,'De Bernardi','Recruiter','8 Corry Circle','2016-04-16',1005.00,121.00,26),(184,'Shovelton','Structural Analysis Engineer','33694 Anzinger Point','2021-06-14',2299.00,295.00,27),(185,'Esley','Staff Accountant III','72 Tomscot Center','2016-02-28',1959.00,148.00,8),(186,'Torresi','Financial Advisor','3699 Anniversary Lane','2016-01-14',2210.00,281.00,9),(187,'MacGauhy','Programmer Analyst I','0 Anniversary Trail','2020-10-25',2329.00,151.00,16),(188,'Hoofe','Human Resources Assistant I','520 Harbort Pass','2017-01-12',1308.00,181.00,23),(189,'Esch','Community Outreach Specialist','72985 Dahle Pass','2016-01-11',2161.00,296.00,30),(190,'Spurdens','Desktop Support Technician','35834 Monica Road','2020-11-09',2191.00,232.00,29),(191,'Rottery','Administrative Assistant I','9 Straubel Junction','2016-06-16',2814.00,298.00,19),(192,'Bumpus','Quality Control Specialist','5109 Pennsylvania Drive','2022-04-23',1275.00,227.00,4),(193,'Mutton','Automation Specialist II','07069 Prairieview Avenue','2022-05-04',884.00,130.00,3),(194,'McGeoch','Staff Accountant III','32644 Cody Street','2020-09-01',1274.00,278.00,4),(195,'Yegorovnin','Geologist IV','8 Ilene Point','2020-06-22',852.00,204.00,10),(196,'Gathwaite','Clinical Specialist','9189 Green Place','2016-08-17',2248.00,294.00,4),(197,'Guirard','General Manager','205 Jana Drive','2022-01-04',2324.00,132.00,13),(198,'Bernadon','Nurse','19793 Del Sol Avenue','2022-01-08',584.00,209.00,29),(199,'Foss','Actuary','5 Magdeline Circle','2019-11-05',725.00,292.00,8),(200,'Portam','Dental Hygienist','7732 Calypso Park','2020-08-23',2442.00,240.00,22),(201,'Erdes','VP Sales','089 Oriole Hill','2016-03-12',1779.00,182.00,1),(202,'Jerrans','Human Resources Assistant II','03480 Scofield Junction','2016-01-21',1137.00,247.00,8),(203,'Buffery','Clinical Specialist','6 Kennedy Center','2016-01-28',2804.00,256.00,3),(204,'Colliss','Nurse Practicioner','0 Service Crossing','2019-01-10',1928.00,120.00,5),(205,'Jurewicz','Quality Control Specialist','350 Thompson Center','2018-05-27',1649.00,188.00,24),(206,'Flewitt','Teacher','801 Donald Road','2017-10-14',1301.00,117.00,8),(207,'Brendeke','Assistant Professor','92856 Farwell Center','2022-08-10',3313.00,177.00,2),(208,'Scapelhorn','Automation Specialist I','2 Elmside Court','2018-08-23',509.00,253.00,11),(209,'Idney','Operator','523 Schiller Parkway','2017-12-30',1344.00,283.00,3),(210,'Mille','Payment Adjustment Coordinator','0816 Luster Point','2022-01-09',1835.00,248.00,1),(211,'Dinis','Software Test Engineer III','98342 American Ash Trail','2016-07-23',2355.00,291.00,20),(212,'Colerick','Clinical Specialist','15838 Ridgeway Point','2018-02-12',1839.00,252.00,24),(213,'Willsmore','Associate Professor','57 Parkside Street','2022-08-01',3599.00,154.00,29),(214,'Brownsall','Software Engineer II','99 Jenifer Park','2022-10-05',3114.00,144.00,8),(215,'Yoxall','Tax Accountant','829 Holmberg Road','2020-06-12',517.00,289.00,25),(216,'Hariot','Civil Engineer','78 Crescent Oaks Circle','2021-06-24',2169.00,173.00,2),(217,'O\'Henehan','Legal Assistant','01 Rieder Alley','2017-03-19',1973.00,236.00,15),(218,'Punchard','Software Engineer III','3 Evergreen Alley','2019-09-29',2824.00,159.00,17),(219,'Blockley','Nurse','7 Loeprich Way','2019-08-03',2536.00,125.00,2),(220,'Wale','Sales Associate','39007 Forest Dale Street','2022-02-21',2485.00,228.00,2),(221,'Obispo','GIS Technical Architect','3399 Pawling Court','2016-06-11',1992.00,176.00,20),(222,'Kinkead','Accounting Assistant II','18187 Scoville Road','2019-09-09',3956.00,199.00,22),(223,'Chetham','Chemical Engineer','71577 Summit Terrace','2018-03-07',3244.00,164.00,14),(224,'Wordesworth','Administrative Assistant I','8 Judy Drive','2016-07-30',2949.00,228.00,11),(225,'Windybank','Statistician IV','0878 Jackson Center','2016-07-21',3756.00,222.00,21),(226,'Sivyour','Project Manager','7008 Daystar Place','2020-11-07',668.00,207.00,23),(227,'Powling','Engineer II','0663 Fuller Road','2017-02-19',1968.00,269.00,27),(228,'Petchell','Clinical Specialist','147 Basil Junction','2017-08-20',3883.00,259.00,13),(229,'Morrad','Clinical Specialist','2 Kipling Park','2022-04-04',2551.00,129.00,2),(230,'Ithell','Clinical Specialist','5 Forster Parkway','2016-11-08',1817.00,291.00,21),(231,'Sellwood','Automation Specialist II','119 Karstens Point','2018-09-24',2996.00,170.00,21),(232,'Ablett','Operator','519 Charing Cross Lane','2016-02-03',3984.00,168.00,3),(233,'Blewis','Electrical Engineer','4759 Thierer Court','2021-02-22',2593.00,163.00,9),(234,'Mitcheson','Database Administrator IV','2554 Merry Parkway','2020-09-13',3907.00,218.00,18),(235,'Geockle','Information Systems Manager','18 Claremont Drive','2018-11-22',1109.00,128.00,23),(236,'Harfoot','Analyst Programmer','83279 Anderson Alley','2020-08-27',1346.00,190.00,17),(237,'Sizey','Recruiter','7 Sachtjen Pass','2018-07-08',3443.00,154.00,6),(238,'Streat','Associate Professor','1 Kropf Point','2021-07-15',1658.00,168.00,2),(239,'Swede','Nuclear Power Engineer','8 Cody Avenue','2018-12-01',1583.00,241.00,20),(240,'Vitler','Assistant Professor','3479 Emmet Park','2020-01-23',1295.00,300.00,28),(241,'Messum','Computer Systems Analyst I','8 Pleasure Way','2017-06-08',2233.00,116.00,20),(242,'Redwin','Biostatistician IV','754 Swallow Point','2021-03-04',1893.00,203.00,24),(243,'Dunham','Design Engineer','125 Hoard Street','2021-12-07',1908.00,207.00,16),(244,'Blunn','Research Nurse','9244 Schmedeman Pass','2016-06-11',2130.00,172.00,21),(245,'Bagshaw','Business Systems Development Analyst','34176 Melody Street','2021-07-22',1741.00,136.00,23),(246,'Caskey','Compensation Analyst','98023 Miller Avenue','2019-07-28',1295.00,295.00,5),(247,'Novacek','Staff Scientist','3912 Del Sol Center','2019-01-26',2538.00,182.00,27),(248,'Schimoni','Software Engineer IV','28 Killdeer Center','2022-08-31',943.00,194.00,25),(249,'Davidwitz','Pharmacist','75888 Northwestern Way','2016-01-18',2743.00,245.00,9),(250,'Skarr','Statistician IV','9611 Welch Pass','2021-08-07',1278.00,171.00,29),(251,'Briffett','Senior Financial Analyst','7619 Green Ridge Pass','2016-03-10',1844.00,267.00,9),(252,'McGrah','Teacher','3318 Jackson Court','2019-07-03',1783.00,266.00,24),(253,'Birtley','Human Resources Manager','7 Hanover Pass','2018-05-10',2633.00,287.00,5),(254,'Jorat','Compensation Analyst','5 Leroy Street','2020-05-31',2973.00,201.00,4),(255,'Hallowes','Analog Circuit Design manager','1866 Bartillon Alley','2016-01-31',3110.00,257.00,10),(256,'Laughtisse','Administrative Assistant II','50 Ramsey Park','2022-03-16',3860.00,171.00,14),(257,'O\'Shesnan','Financial Advisor','57096 Dovetail Lane','2019-02-26',2523.00,248.00,30),(258,'Pavlik','Tax Accountant','172 Myrtle Park','2016-06-29',3168.00,175.00,17),(259,'Towe','Account Coordinator','97551 Helena Crossing','2017-01-04',2198.00,296.00,16),(260,'Clubb','Assistant Media Planner','57 Parkside Drive','2017-03-15',3119.00,129.00,7),(261,'Cestard','Programmer II','1 Novick Circle','2018-08-23',2367.00,293.00,3),(262,'Arntzen','Research Assistant IV','41901 Express Pass','2021-09-06',750.00,231.00,6),(263,'Ollive','Budget/Accounting Analyst IV','03858 Grasskamp Court','2022-10-09',2700.00,254.00,3),(264,'Wolfenden','Nurse Practicioner','140 High Crossing Pass','2018-06-18',1016.00,231.00,16),(265,'Flux','Structural Analysis Engineer','049 Melody Terrace','2018-10-29',1017.00,156.00,26),(266,'Cellier','Software Consultant','8256 Redwing Alley','2017-01-27',1120.00,181.00,11),(267,'Kinny','Junior Executive','1604 Maple Wood Court','2018-04-23',2141.00,195.00,27),(268,'Becom','Sales Associate','308 Morning Lane','2021-12-14',2430.00,292.00,6),(269,'Abrahams','Nuclear Power Engineer','90943 Lyons Place','2016-05-16',3089.00,258.00,3),(270,'Yoodall','Systems Administrator IV','141 Petterle Plaza','2017-04-03',3390.00,235.00,13),(271,'Usher','Civil Engineer','01611 Moose Lane','2016-09-01',910.00,252.00,6),(272,'Clyant','Environmental Tech','1940 Claremont Place','2017-04-14',2463.00,245.00,7),(273,'Kunzler','Editor','266 Crownhardt Crossing','2017-02-13',549.00,274.00,18),(274,'Measey','Safety Technician I','20 Granby Crossing','2022-11-12',2036.00,195.00,30),(275,'Lanbertoni','Marketing Manager','06 Loftsgordon Point','2019-05-03',1017.00,112.00,9),(276,'Cattrell','Senior Quality Engineer','7 Ruskin Drive','2019-12-23',3045.00,210.00,22),(277,'Tolliday','Administrative Officer','4789 Becker Street','2020-02-09',1376.00,180.00,28),(278,'Shemwell','VP Sales','76 2nd Trail','2016-07-20',1820.00,210.00,6),(279,'Hallitt','Accountant IV','36 Westridge Way','2022-03-26',2764.00,163.00,26),(280,'Stode','Chief Design Engineer','8 Forster Road','2016-10-09',3250.00,151.00,17),(281,'Mucklo','Data Coordiator','56916 Packers Hill','2020-05-28',1990.00,280.00,19),(282,'Codner','Research Associate','44 Sutherland Way','2017-07-20',920.00,113.00,27),(283,'Winter','Recruiter','940 Bultman Street','2020-06-16',2071.00,262.00,8),(284,'Creedland','Biostatistician III','39 Monument Drive','2017-08-30',2234.00,229.00,6),(285,'Domini','Staff Accountant II','94113 Holmberg Park','2016-10-13',3536.00,193.00,3),(286,'Carmel','Administrative Officer','75 Sugar Avenue','2016-06-10',3210.00,219.00,30),(287,'Nodes','Research Nurse','5 Erie Point','2016-07-12',3017.00,132.00,20),(288,'Goodlife','Speech Pathologist','3 Cherokee Alley','2021-06-29',674.00,118.00,11),(289,'Gloucester','Product Engineer','15 Melby Avenue','2019-02-14',900.00,177.00,9),(290,'Paszak','VP Sales','9 Bluestem Place','2020-05-24',2005.00,114.00,16),(291,'Willey','VP Sales','3262 Ridgeway Pass','2016-07-19',1406.00,287.00,23),(292,'Kuhnt','Occupational Therapist','51 Montana Court','2019-04-16',2680.00,264.00,30),(293,'Sparke','Nurse Practicioner','7795 Towne Avenue','2021-09-02',2019.00,207.00,15),(294,'Blackman','VP Quality Control','7 Ridgeway Crossing','2018-09-23',1672.00,101.00,27),(295,'Runcieman','Product Engineer','5 Killdeer Crossing','2017-01-28',704.00,134.00,17),(296,'Cramp','Help Desk Technician','0 Pierstorff Road','2017-08-23',930.00,282.00,17),(297,'Glander','Staff Accountant IV','44 Sheridan Place','2020-07-06',1577.00,224.00,19),(298,'Tweddle','Food Chemist','3905 Fieldstone Trail','2019-01-24',2553.00,172.00,9),(299,'Curteis','Safety Technician III','50962 Hansons Alley','2022-01-06',1530.00,121.00,1),(300,'Dast','Recruiting Manager','7 Stephen Circle','2020-08-31',2365.00,173.00,30),(301,'Trobey','Statistician III','89 Memorial Street','2017-10-28',2051.00,160.00,2),(302,'Gather','Clinical Specialist','61127 Heffernan Alley','2018-03-28',1851.00,137.00,8),(303,'Le Maitre','Analog Circuit Design manager','296 Daystar Circle','2022-02-06',2244.00,276.00,1),(304,'Caret','Geological Engineer','4 Doe Crossing Place','2016-07-11',2763.00,121.00,30),(305,'Jozwiak','Safety Technician I','9 Sage Terrace','2022-05-19',2366.00,247.00,17),(306,'Skiggs','Analyst Programmer','1 Meadow Vale Parkway','2020-03-11',2505.00,288.00,30),(307,'Busk','Accounting Assistant I','36 Grover Parkway','2016-01-26',1928.00,126.00,30),(308,'Rubens','Geological Engineer','013 Utah Alley','2018-09-16',954.00,248.00,8),(309,'McFarlane','Data Coordiator','33 Sloan Junction','2021-08-17',2254.00,101.00,9),(310,'Lumm','Actuary','8 Dryden Place','2018-11-28',1961.00,279.00,26),(311,'Lowdeane','Financial Advisor','9 Reindahl Place','2022-02-27',1455.00,265.00,15),(312,'Guiducci','GIS Technical Architect','8856 Melody Road','2018-08-19',1875.00,163.00,12),(313,'Dyster','Safety Technician IV','7689 Westport Terrace','2022-08-13',1695.00,177.00,26),(314,'Shorto','Office Assistant I','530 Pennsylvania Park','2020-08-26',2108.00,105.00,11),(315,'Cutchie','VP Quality Control','6791 Bay Avenue','2018-03-15',1022.00,119.00,28),(316,'Blakeden','Director of Sales','342 Heath Crossing','2020-12-24',2355.00,119.00,15),(317,'Sleep','Assistant Media Planner','3399 Logan Circle','2018-09-10',1846.00,299.00,24),(318,'Boatswain','Budget/Accounting Analyst II','1 Knutson Street','2016-06-07',3858.00,223.00,8),(319,'Ruhben','Payment Adjustment Coordinator','04507 Hermina Junction','2022-10-05',3637.00,259.00,29),(320,'Le Marchant','Nurse Practicioner','986 Lighthouse Bay Lane','2019-11-05',1422.00,184.00,21),(321,'Berthelmot','Structural Engineer','6288 Luster Hill','2019-04-05',2569.00,262.00,2),(322,'Lanston','Quality Control Specialist','81066 Northport Crossing','2017-03-05',862.00,174.00,16),(323,'Halsho','Human Resources Manager','44976 Walton Circle','2021-06-15',630.00,244.00,19),(324,'Girauld','Web Designer II','0 Fairfield Junction','2021-11-16',1728.00,291.00,17),(325,'Grigori','Developer I','72 Trailsway Center','2020-12-19',1212.00,253.00,21),(326,'O\'Daly','Staff Accountant I','648 Columbus Way','2020-02-05',2499.00,186.00,18),(327,'Emmens','Operator','4 Express Way','2022-08-10',1675.00,202.00,16),(328,'Freear','Geological Engineer','150 Corben Road','2020-02-19',1479.00,279.00,5),(329,'Gelling','Administrative Officer','332 Cottonwood Pass','2020-04-10',1847.00,277.00,30),(330,'Carratt','Teacher','1 Mccormick Drive','2017-11-19',2118.00,197.00,12),(331,'Howsam','Senior Quality Engineer','79 Arkansas Center','2021-02-28',1390.00,253.00,28),(332,'Storr','Graphic Designer','510 Judy Park','2018-05-09',1864.00,284.00,20),(333,'Vipan','Project Manager','96 Pankratz Plaza','2021-11-27',1385.00,110.00,21),(334,'Ounsworth','Pharmacist','83966 Barby Way','2021-09-20',3572.00,223.00,17),(335,'Grishankov','Accounting Assistant IV','4 Waxwing Hill','2018-03-07',1098.00,294.00,27),(336,'Vakhrushin','Geological Engineer','36 Prairie Rose Street','2018-03-16',2971.00,180.00,19),(337,'Borrington','Accountant I','0950 Ridgeview Way','2020-07-29',528.00,287.00,8),(338,'Rickett','Financial Analyst','087 Thierer Way','2017-08-29',1959.00,289.00,27),(339,'Fierro','Computer Systems Analyst III','6 Southridge Hill','2016-09-05',2396.00,163.00,15),(340,'McGreil','Electrical Engineer','6 Washington Alley','2021-12-31',3546.00,270.00,25),(341,'Kilty','Technical Writer','69809 Golden Leaf Point','2020-03-16',2931.00,201.00,15),(342,'Gerb','Systems Administrator I','31976 Manufacturers Hill','2022-03-02',2445.00,272.00,28),(343,'Prescot','Internal Auditor','33 Esch Drive','2019-05-12',1215.00,188.00,24),(344,'Aleswell','Account Representative I','84306 Morningstar Trail','2018-02-17',1449.00,281.00,11),(345,'Wearne','Payment Adjustment Coordinator','08 John Wall Way','2020-04-28',1133.00,113.00,27),(346,'Clarkson','Nuclear Power Engineer','60986 Morningstar Road','2018-07-27',3749.00,260.00,26),(347,'Ruter','Senior Sales Associate','870 Florence Center','2017-06-05',2352.00,153.00,5),(348,'Croyser','Senior Developer','56691 Dapin Drive','2019-07-25',2924.00,280.00,16),(349,'Tankard','Director of Sales','24413 Elmside Park','2016-10-02',2482.00,265.00,5),(350,'Simeons','Assistant Manager','24 Derek Terrace','2016-04-29',660.00,195.00,21),(351,'Brogan','Senior Quality Engineer','6408 Fair Oaks Crossing','2019-07-20',793.00,202.00,28),(352,'Zwicker','Human Resources Assistant III','5 Mifflin Way','2017-05-15',688.00,160.00,21),(353,'Folan','Senior Editor','88 Nova Road','2016-01-09',2015.00,180.00,18),(354,'Coggin','Senior Quality Engineer','6597 Helena Alley','2022-05-31',705.00,144.00,2),(355,'Yakubovics','Design Engineer','13 Old Gate Hill','2018-12-04',2040.00,113.00,24),(356,'Morden','Account Coordinator','3 Veith Junction','2018-08-19',3632.00,292.00,20),(357,'Lamkin','Cost Accountant','2 Mesta Junction','2020-11-22',2118.00,128.00,23),(358,'Hercock','VP Quality Control','33184 Waxwing Pass','2017-02-04',3011.00,138.00,16),(359,'Story','Desktop Support Technician','8635 Monterey Alley','2018-07-16',1893.00,261.00,25),(360,'Fishpoole','Administrative Assistant II','71293 Lotheville Avenue','2016-06-12',3034.00,183.00,21),(361,'Geldeard','Recruiting Manager','8 Arizona Park','2017-10-12',2229.00,225.00,20),(362,'Overnell','Help Desk Technician','836 Vernon Plaza','2019-05-17',2522.00,168.00,9),(363,'Amerighi','Food Chemist','6 Dryden Street','2018-07-20',1462.00,225.00,7),(364,'Heeley','VP Marketing','21068 Doe Crossing Lane','2022-07-07',3173.00,158.00,11),(365,'Gilling','Paralegal','87587 Scott Pass','2021-01-07',588.00,174.00,29),(366,'Dilkes','Automation Specialist I','35 Spenser Way','2018-05-05',2286.00,214.00,10),(367,'Bullus','Professor','0 Algoma Parkway','2016-09-30',2091.00,121.00,1),(368,'Lowell','Data Coordiator','92 Farwell Center','2022-07-15',1290.00,129.00,5),(369,'Sinncock','Physical Therapy Assistant','5649 Paget Way','2021-05-16',1786.00,216.00,29),(370,'Doale','Civil Engineer','1948 Dahle Terrace','2017-08-09',3119.00,190.00,1),(371,'Switzer','Design Engineer','1 Anhalt Park','2016-01-22',2802.00,150.00,29),(372,'Fenning','Chemical Engineer','81958 Hansons Parkway','2019-01-20',3059.00,280.00,26),(373,'Picard','Civil Engineer','2 Vernon Avenue','2016-07-23',2837.00,112.00,25),(374,'Osorio','Tax Accountant','9400 Talisman Drive','2021-01-31',913.00,264.00,23),(375,'Sharpous','Health Coach II','0 Fordem Junction','2021-11-01',3428.00,111.00,30),(376,'Bohills','Analyst Programmer','2 Weeping Birch Drive','2017-12-11',1890.00,128.00,1),(377,'Osbiston','Community Outreach Specialist','9532 Raven Junction','2020-04-02',1710.00,271.00,26),(378,'Wethers','Quality Engineer','565 3rd Junction','2016-03-08',3940.00,207.00,25),(379,'Rajchert','Software Test Engineer IV','58336 Glacier Hill Circle','2018-10-29',518.00,104.00,8),(380,'Gillott','Human Resources Assistant II','921 Melvin Plaza','2020-11-12',1512.00,298.00,20),(381,'Alcalde','Senior Quality Engineer','396 Annamark Hill','2017-12-30',523.00,197.00,9),(382,'Izkovici','Assistant Media Planner','23497 Warrior Avenue','2017-01-22',2975.00,177.00,4),(383,'Polamontayne','Registered Nurse','11 Derek Crossing','2020-08-27',3025.00,177.00,1),(384,'Malinowski','Pharmacist','6 Pond Pass','2018-03-17',2767.00,152.00,21),(385,'Gofford','Legal Assistant','4208 Bunting Junction','2022-02-08',1671.00,207.00,27),(386,'Traite','Media Manager II','0612 Stuart Alley','2019-07-07',2516.00,256.00,28),(387,'Birkbeck','Structural Analysis Engineer','06120 Anhalt Alley','2016-10-05',923.00,242.00,16),(388,'Rapi','Marketing Manager','0449 Eastlawn Hill','2018-05-09',2534.00,219.00,5),(389,'Allport','Recruiting Manager','1 Utah Trail','2019-08-16',1991.00,215.00,23),(390,'Drohane','Budget/Accounting Analyst I','8242 La Follette Pass','2017-10-30',3411.00,259.00,9),(391,'Isham','Business Systems Development Analyst','5 Summerview Center','2020-09-20',3103.00,206.00,12),(392,'Compston','Legal Assistant','1043 North Junction','2018-11-02',2775.00,164.00,18),(393,'Wedge','Statistician IV','6 Twin Pines Lane','2019-01-23',3536.00,271.00,28),(394,'Ludewig','Project Manager','93574 Buell Terrace','2022-07-21',886.00,123.00,25),(395,'Cripin','Paralegal','2339 Briar Crest Place','2017-04-08',4000.00,268.00,7),(396,'Dunthorn','Human Resources Assistant II','9847 Kipling Terrace','2016-02-23',3117.00,269.00,6),(397,'Behr','Senior Editor','14 Debra Way','2016-07-28',2283.00,218.00,14),(398,'Sorsby','Senior Developer','3313 Fieldstone Point','2016-08-09',1142.00,177.00,22),(399,'Lye','Senior Financial Analyst','8 Eggendart Road','2017-02-20',1091.00,291.00,13),(400,'Bartomeu','Marketing Manager','06230 Jana Drive','2020-06-03',1595.00,122.00,11),(401,'Glennon','Human Resources Assistant III','29698 Buhler Junction','2019-07-22',1258.00,152.00,14),(402,'Naismith','Chemical Engineer','622 Northfield Point','2020-12-30',3209.00,160.00,13),(403,'Dalgarno','Automation Specialist III','2553 Tomscot Lane','2020-09-10',2199.00,258.00,15),(404,'Bainbrigge','Recruiting Manager','917 Aberg Hill','2020-02-16',2039.00,111.00,22),(405,'MacKellen','Human Resources Manager','31098 Pennsylvania Avenue','2020-06-24',2295.00,127.00,10),(406,'Bramhall','Clinical Specialist','7214 David Way','2021-11-25',2476.00,167.00,2),(407,'Parriss','Web Designer III','1595 Elmside Parkway','2019-11-15',3832.00,236.00,17),(408,'Hartup','Chief Design Engineer','7886 Evergreen Drive','2016-06-19',2312.00,218.00,21),(409,'Height','Statistician IV','954 Lien Parkway','2016-05-05',2966.00,138.00,29),(410,'D\'Costa','Teacher','29 Stoughton Center','2018-12-26',1601.00,211.00,16),(411,'Goodban','Media Manager II','116 Kennedy Alley','2019-01-16',3982.00,254.00,19),(412,'Bettison','Analog Circuit Design manager','68322 Lien Junction','2018-06-07',2740.00,119.00,10),(413,'Dawks','Data Coordiator','81873 Blaine Junction','2017-06-07',3511.00,139.00,19),(414,'Pendle','Web Designer III','70132 Golf Course Hill','2019-05-13',3685.00,275.00,15),(415,'Bellocht','Media Manager IV','01 Sloan Plaza','2021-01-13',598.00,255.00,4),(416,'Maffini','Desktop Support Technician','832 Caliangt Place','2018-10-15',2023.00,197.00,7),(417,'Mushart','Software Consultant','6 Browning Terrace','2020-11-06',3186.00,285.00,24),(418,'McCourtie','GIS Technical Architect','436 Old Gate Plaza','2018-04-21',2961.00,192.00,20),(419,'Rudolfer','Software Consultant','589 Oakridge Alley','2022-04-03',591.00,146.00,20),(420,'Brendish','Computer Systems Analyst II','9445 Ridgeview Park','2016-04-14',883.00,246.00,20),(421,'Gumey','Administrative Officer','894 Marcy Court','2017-05-26',883.00,186.00,1),(422,'Gallaher','Electrical Engineer','7209 Oxford Court','2017-07-28',589.00,211.00,20),(423,'Alltimes','Structural Analysis Engineer','787 Eliot Point','2019-03-03',2866.00,111.00,3),(424,'Meekin','Staff Accountant IV','328 Johnson Lane','2022-03-07',1773.00,241.00,13),(425,'Lanham','Nuclear Power Engineer','9228 Scoville Parkway','2018-02-20',999.00,136.00,15),(426,'Scoyles','General Manager','9669 Oak Valley Drive','2019-11-15',3664.00,122.00,1),(427,'Edden','Structural Analysis Engineer','34 Fair Oaks Court','2017-11-08',1747.00,153.00,1),(428,'Guiduzzi','Software Engineer III','1 Northridge Point','2020-09-14',1203.00,273.00,15),(429,'Brookton','GIS Technical Architect','49471 Hudson Street','2018-11-10',1471.00,157.00,10),(430,'Goodhall','Civil Engineer','1331 Sheridan Pass','2016-04-10',3991.00,241.00,26),(431,'Samweyes','Marketing Assistant','5060 Petterle Junction','2022-01-29',3291.00,144.00,28),(432,'Wenden','Software Consultant','4 Dwight Hill','2016-11-28',1377.00,249.00,21),(433,'Cressor','Senior Quality Engineer','40 Petterle Hill','2017-03-30',969.00,257.00,10),(434,'Bettley','Administrative Officer','8364 American Ash Pass','2021-02-27',3188.00,293.00,26),(435,'Elkins','Research Assistant III','48599 Mendota Court','2016-05-26',2401.00,195.00,30),(436,'Fitton','Paralegal','0755 Birchwood Court','2021-06-18',2623.00,106.00,30),(437,'Sybry','Office Assistant II','5 Miller Park','2020-09-26',2641.00,268.00,12),(438,'Trelevan','Sales Representative','63 Bayside Court','2017-05-16',3850.00,143.00,4),(439,'Santen','Quality Control Specialist','79 Esker Plaza','2017-11-03',3971.00,278.00,2),(440,'Gude','Administrative Officer','573 Del Mar Trail','2021-09-07',2005.00,168.00,6),(441,'Espinheira','Account Executive','4401 Arkansas Point','2019-04-18',1594.00,288.00,6),(442,'Skunes','Professor','018 Carberry Trail','2022-10-08',2414.00,194.00,2),(443,'Crighton','Accountant I','02 Columbus Center','2018-01-11',1647.00,273.00,9),(444,'Silwood','Staff Scientist','42187 Judy Avenue','2020-01-26',2567.00,282.00,8),(445,'Cumbes','Staff Accountant II','0891 Dixon Lane','2020-07-22',1735.00,102.00,30),(446,'Edmans','GIS Technical Architect','9 Arrowood Circle','2019-04-12',3728.00,106.00,15),(447,'Harroway','Account Executive','51288 Autumn Leaf Road','2020-06-19',1554.00,287.00,23),(448,'Jamson','Quality Control Specialist','9 Melvin Terrace','2021-12-25',543.00,182.00,4),(449,'Henmarsh','Technical Writer','93 Melvin Plaza','2017-10-03',1376.00,233.00,12),(450,'Judge','Recruiting Manager','50 Sunnyside Crossing','2022-08-18',2021.00,154.00,7),(451,'Absalom','Product Engineer','7436 Prairieview Park','2019-10-01',3354.00,147.00,16),(452,'Kalkofen','Environmental Specialist','0 Jana Junction','2022-10-31',1784.00,106.00,24),(453,'Pritchett','Web Designer III','7 Northfield Street','2021-10-05',2059.00,199.00,16),(454,'Hanvey','Geologist III','08 Summer Ridge Junction','2022-11-30',1115.00,201.00,3),(455,'Goosnell','Assistant Professor','0 Riverside Point','2018-08-04',3240.00,195.00,10),(456,'Knightsbridge','Safety Technician IV','92 Di Loreto Plaza','2018-02-26',3680.00,128.00,26),(457,'Grishkov','Software Consultant','52 Pearson Court','2020-09-02',1186.00,167.00,10),(458,'Allmen','VP Product Management','78594 Luster Circle','2019-12-07',1447.00,158.00,29),(459,'Clerc','Food Chemist','88953 Esch Plaza','2017-01-18',3964.00,236.00,13),(460,'Strangman','Account Executive','66877 Vera Pass','2021-11-14',1201.00,129.00,14),(461,'Webb','Recruiting Manager','724 Ridgeway Plaza','2021-10-07',1750.00,197.00,28),(462,'Freeberne','Administrative Assistant IV','46 Pleasure Way','2020-05-10',3737.00,174.00,29),(463,'Coll','Nurse Practicioner','5547 Hollow Ridge Parkway','2018-08-23',810.00,286.00,27),(464,'Hathorn','Project Manager','4158 Dexter Circle','2016-05-13',3631.00,141.00,24),(465,'Atto','Dental Hygienist','990 Morningstar Circle','2016-02-15',847.00,205.00,4),(466,'Inston','Nurse','9507 Rowland Way','2017-02-07',1044.00,185.00,10),(467,'Strothers','Recruiter','40201 Rockefeller Point','2018-07-12',779.00,146.00,27),(468,'Pride','Marketing Manager','29 Iowa Plaza','2020-05-11',812.00,147.00,23),(469,'Le Monnier','Structural Analysis Engineer','107 Lotheville Center','2017-01-06',740.00,102.00,18),(470,'Van der Brugge','Research Assistant IV','01 Utah Alley','2021-09-15',3458.00,278.00,7),(471,'Riggey','Librarian','33 American Street','2020-10-26',3654.00,137.00,30),(472,'Cardnell','Tax Accountant','93 Hermina Circle','2019-02-01',1971.00,138.00,25),(473,'Hallt','Quality Control Specialist','39 Messerschmidt Place','2018-08-23',913.00,257.00,24),(474,'Linthead','Data Coordiator','6 Hayes Alley','2017-10-03',1760.00,198.00,1),(475,'Crowley','Chemical Engineer','48 Derek Street','2019-04-08',3714.00,194.00,13),(476,'Waddams','Office Assistant IV','482 Sauthoff Court','2019-08-24',1095.00,217.00,29),(477,'Rocks','Nurse','268 Del Sol Lane','2019-10-08',1287.00,287.00,12),(478,'Barratt','Nurse Practicioner','441 Fremont Court','2020-04-08',3074.00,296.00,7),(479,'Eastby','Staff Scientist','96 Portage Parkway','2020-06-10',3064.00,296.00,24),(480,'Hatt','Web Developer III','88501 Manley Point','2017-06-01',2436.00,147.00,30),(481,'Wakelin','Junior Executive','558 Ridge Oak Avenue','2019-12-06',1478.00,163.00,18),(482,'Jaulmes','Software Test Engineer IV','85 Warbler Pass','2016-11-06',2834.00,297.00,12),(483,'Grooby','Web Designer I','08985 Vermont Point','2021-09-04',3319.00,265.00,8),(484,'Ibbitt','Professor','93579 Longview Point','2020-05-21',1891.00,163.00,1),(485,'Verdey','Community Outreach Specialist','3111 Washington Park','2018-12-28',2111.00,128.00,22),(486,'Josebury','Graphic Designer','14 Corscot Point','2019-05-09',3445.00,109.00,21),(487,'Kennion','Information Systems Manager','36332 Golf View Alley','2016-12-10',2284.00,279.00,1),(488,'Chaunce','Web Developer II','526 Farmco Pass','2017-05-31',3180.00,224.00,25),(489,'Reglar','Chief Design Engineer','79056 Tomscot Lane','2016-11-11',1244.00,106.00,3),(490,'Sekulla','Tax Accountant','26 Golf View Circle','2017-03-18',2630.00,290.00,17),(491,'Lghan','Computer Systems Analyst II','0 Knutson Court','2020-12-18',3904.00,128.00,13),(492,'O\'Loughane','Analyst Programmer','26625 Almo Court','2019-06-12',3642.00,167.00,25),(493,'Cadamy','Quality Control Specialist','698 Redwing Crossing','2019-04-22',1513.00,262.00,18),(494,'Ber','Staff Scientist','481 Calypso Parkway','2016-03-25',662.00,280.00,29),(495,'Danilewicz','Safety Technician IV','76480 Nobel Terrace','2016-04-05',3884.00,211.00,8),(496,'Puddephatt','VP Product Management','1186 Farwell Street','2021-10-04',3921.00,251.00,4),(497,'Greggor','Web Designer II','91139 Melby Park','2018-02-06',2561.00,103.00,15),(498,'Spelsbury','Account Coordinator','4400 Express Road','2017-08-01',2575.00,251.00,22),(499,'Dallan','Senior Sales Associate','3623 Bobwhite Drive','2016-08-04',3937.00,183.00,6),(500,'Crossan','Senior Sales Associate','11369 Dennis Trail','2019-06-02',3959.00,255.00,30);
/*!40000 ALTER TABLE `emp` ENABLE KEYS */;
UNLOCK TABLES;

--
-- Table structure for table `enfermo`
--

DROP TABLE IF EXISTS `enfermo`;
/*!40101 SET @saved_cs_client     = @@character_set_client */;
/*!50503 SET character_set_client = utf8mb4 */;
CREATE TABLE `enfermo` (
  `Inscripcion` varchar(45) NOT NULL,
  `Apellido` varchar(45) NOT NULL,
  `Direccion` varchar(45) NOT NULL,
  `Fecha_Nac` date NOT NULL,
  `S` varchar(45) NOT NULL,
  `NSS` varchar(45) NOT NULL
) ENGINE=InnoDB DEFAULT CHARSET=latin1;
/*!40101 SET character_set_client = @saved_cs_client */;

--
-- Dumping data for table `enfermo`
--

LOCK TABLES `enfermo` WRITE;
/*!40000 ALTER TABLE `enfermo` DISABLE KEYS */;
INSERT INTO `enfermo` VALUES ('2022-10-05','Biernacki','308 Mosinee Drive','1965-01-02','Male','149-13-7522'),('2022-05-27','Chattington','11 Lien Plaza','1979-09-22','Polygender','468-90-5267'),('2022-02-10','Pecey','56025 Mallard Center','2022-05-26','Male','648-33-8105'),('2022-05-31','Ames','9 Veith Plaza','1967-04-16','Female','160-41-5118'),('2022-08-18','Aird','907 Hanover Lane','1954-12-28','Polygender','430-44-5093'),('2022-03-22','Ellissen','04088 3rd Alley','1982-05-13','Female','653-82-5528'),('2022-07-20','Rickis','884 Arapahoe Way','1998-04-09','Female','153-21-5286'),('2022-09-05','Pepall','3 Basil Plaza','1956-10-11','Female','520-75-7908'),('2022-10-22','McGillreich','448 Maryland Park','1988-07-25','Male','228-58-0896'),('2022-10-21','Krzysztof','7682 Butterfield Park','2004-05-16','Male','626-71-7432'),('2022-09-09','Ilyin','98567 4th Pass','2000-12-11','Female','480-97-8570'),('2022-03-07','Nassy','79 Welch Court','1999-07-19','Male','242-25-7547'),('2022-06-15','Norris','1 Sherman Road','1952-09-19','Male','453-86-8370'),('2022-09-22','Bellay','1631 Killdeer Circle','1973-10-09','Female','667-06-4577'),('2022-04-05','Diess','1 Sugar Court','1989-09-13','Male','298-32-1016'),('2022-11-06','Marven','2 Mesta Park','1951-06-05','Male','602-82-2441'),('2022-05-30','Smalcombe','014 Hoffman Court','1960-09-16','Male','680-56-1150'),('2022-06-16','Groundwator','17220 Haas Alley','1975-03-06','Male','824-89-7369'),('2021-12-29','Archard','76 Rieder Point','1988-02-25','Female','579-89-0747'),('2021-12-11','Bouchard','4373 Roxbury Place','1993-06-06','Female','848-66-1922'),('2022-04-17','Bletsor','472 Golf View Trail','1982-01-27','Female','695-04-1235'),('2022-11-26','Dibden','53 Moland Hill','1979-10-18','Male','333-15-5787'),('2021-12-26','Canario','1 Buhler Hill','1988-06-05','Male','551-25-6962'),('2022-02-02','Lorroway','0 Farragut Crossing','2002-10-13','Female','393-24-8366'),('2022-08-23','Ruff','34097 Sheridan Place','1994-07-04','Male','569-08-5258'),('2022-09-21','Kummerlowe','18312 Melvin Drive','2000-06-04','Female','209-55-3288'),('2022-06-16','Conwell','6296 Anthes Park','2018-01-25','Female','173-82-5951'),('2022-04-22','Trewhitt','62146 Harper Avenue','1994-02-18','Male','531-19-1906'),('2022-06-17','Newlove','53478 Killdeer Court','1963-03-27','Genderfluid','178-87-7648'),('2022-06-22','Beddingham','0331 Oriole Lane','1998-01-07','Female','111-39-1930'),('2022-02-10','Griffen','8 Schlimgen Plaza','1979-08-29','Female','663-15-1267'),('2022-11-29','Francioli','865 Fuller Center','1988-03-11','Female','492-35-3715'),('2022-02-21','Giamelli','370 Troy Place','2004-02-02','Female','888-05-8167'),('2022-01-22','Inkin','68 Messerschmidt Point','1992-01-22','Female','228-55-2172'),('2022-04-29','Aindriu','4 Forest Court','2013-04-03','Female','698-10-9881'),('2022-05-27','Lagneaux','1718 Eliot Hill','1980-09-14','Male','154-72-3382'),('2022-09-24','Itzhaiek','859 Londonderry Lane','1996-01-29','Female','421-89-2501'),('2022-10-08','Hanhart','3 Shasta Road','1990-07-10','Female','498-34-1194'),('2022-06-19','Schuricke','333 Mayfield Plaza','1969-09-09','Female','375-35-5384'),('2022-04-12','Hardcastle','36077 Stuart Court','1964-08-16','Female','758-05-6238'),('2022-08-24','Charlton','84412 Pleasure Crossing','1987-04-25','Female','890-88-1536'),('2022-02-08','Methuen','9722 Express Center','1979-04-13','Male','299-77-3796'),('2021-12-30','Weeden','3 Springs Way','1972-02-06','Male','386-38-9129'),('2022-03-05','Upshall','79857 3rd Circle','1980-02-26','Female','566-51-1838'),('2022-07-23','Dizlie','4 Katie Pass','1992-06-03','Female','429-33-8258'),('2022-10-10','Sigmund','05 Transport Center','2011-04-10','Female','448-54-8092'),('2022-03-26','Terlinden','963 Talmadge Circle','1973-10-23','Non-binary','851-50-5252'),('2022-05-27','Crookshanks','631 Banding Center','1960-02-24','Female','206-62-8997'),('2022-05-26','Youson','680 Sloan Plaza','1990-03-19','Male','299-94-1975'),('2022-01-28','Martyns','97722 Sachtjen Drive','1983-12-30','Male','498-46-0384'),('2022-11-26','Ballham','629 Warbler Crossing','1951-09-30','Male','723-40-0871'),('2022-05-06','Pendrey','3 Prentice Lane','2006-03-07','Female','276-77-9513'),('2022-06-02','Belham','215 Montana Alley','1952-09-13','Male','352-18-6906'),('2022-08-17','Blakden','717 Helena Crossing','2009-06-20','Female','723-28-9979'),('2022-03-18','Cuthbertson','598 Sloan Road','1964-03-20','Female','117-33-0121'),('2022-08-01','Haime','52142 Birchwood Avenue','1960-09-21','Female','315-30-8226'),('2022-04-12','Huckle','19 Westend Drive','1962-11-22','Male','755-25-1601'),('2022-09-26','M\'Quhan','12362 Bobwhite Plaza','1990-08-06','Female','418-62-1880'),('2022-11-18','Arman','3192 Hollow Ridge Road','1976-01-09','Female','688-21-9811'),('2021-12-21','O\'Moylane','9968 Loomis Drive','1997-10-14','Female','449-76-1269'),('2022-11-01','Bettlestone','19310 Sycamore Crossing','2015-06-17','Male','544-63-8611'),('2022-06-01','Christescu','830 Meadow Valley Court','1986-09-28','Female','131-30-0113'),('2022-05-03','Rielly','60 Maple Wood Plaza','1966-08-15','Polygender','238-06-2939'),('2022-11-29','Fraulo','119 Larry Road','2001-09-18','Female','647-88-3601'),('2022-08-12','Rickson','4445 Grover Pass','1980-02-08','Non-binary','830-74-8463'),('2022-01-15','Klimuk','51 Welch Center','2007-06-03','Female','427-71-8345'),('2022-03-30','Hrihorovich','544 Debra Alley','1989-08-27','Male','785-83-2883'),('2022-12-01','Hawson','85 Ruskin Pass','2001-03-09','Female','219-38-6310'),('2022-08-11','Rickeard','990 Buell Pass','1998-11-04','Male','152-86-9647'),('2022-01-27','Marcham','0 Anniversary Pass','2008-10-07','Female','645-88-4149'),('2021-12-15','Babon','3 Bowman Plaza','1957-08-12','Female','760-97-1060'),('2022-12-03','Treagus','1 Emmet Center','1995-06-20','Male','466-97-2153'),('2022-03-20','Corrigan','09 Utah Alley','1977-10-24','Male','570-50-5122'),('2022-07-19','Malec','55623 Mallard Pass','1964-08-19','Female','788-59-6671'),('2022-03-02','Ablitt','4685 Little Fleur Avenue','1957-11-29','Female','664-04-5102'),('2022-04-15','Gendricke','55 Cottonwood Crossing','1966-05-31','Female','673-84-4716'),('2022-02-19','Speares','24 Lake View Trail','1993-08-08','Non-binary','272-64-8329'),('2022-04-28','Uttermare','6 Gina Junction','2020-05-15','Female','781-32-4786'),('2022-10-26','Aleavy','337 Drewry Park','1951-02-16','Female','812-43-3582'),('2022-07-18','Crooke','766 Waubesa Drive','1969-06-07','Male','570-65-3169'),('2022-03-24','Leavold','5776 Bowman Court','1974-03-14','Female','311-44-0710'),('2022-06-16','Grieveson','68 Continental Avenue','1988-12-03','Male','858-46-7630'),('2022-05-26','Fenelon','00 Truax Park','1976-05-08','Female','513-69-9266'),('2022-11-04','Kort','45434 Southridge Court','2012-10-17','Female','668-75-0973'),('2022-05-27','Ridde','5134 Sage Drive','2019-08-07','Polygender','554-43-5110'),('2022-11-12','Jozsef','071 New Castle Park','1982-02-20','Genderfluid','118-61-4565'),('2022-01-31','Cheavin','40 Cody Trail','1951-09-27','Male','457-41-5618'),('2022-05-21','Liversedge','1268 Hintze Trail','1974-11-18','Female','425-76-0365'),('2022-06-18','Clougher','959 Warner Court','1974-02-13','Female','153-57-5668'),('2022-01-04','Darcey','01791 Eliot Crossing','1960-01-22','Female','509-19-3976'),('2022-08-03','Skepper','1580 Haas Park','2007-03-08','Male','515-21-8088'),('2022-06-23','Juppe','63150 Sachtjen Crossing','2014-03-20','Male','118-76-2683'),('2022-05-12','Redbourn','4379 Loeprich Center','1991-10-25','Female','810-74-8265'),('2022-07-26','Poll','57216 Cottonwood Court','1998-06-29','Male','170-28-2882'),('2022-07-01','Spurdon','120 Lotheville Junction','1972-09-19','Female','452-15-3817'),('2022-07-12','Savil','048 Drewry Park','2018-08-13','Female','447-74-2667'),('2022-11-29','Panniers','2 Dawn Drive','2001-08-24','Male','380-64-1754'),('2022-10-05','Tofts','858 Bobwhite Lane','1992-07-01','Male','741-31-5082'),('2022-05-21','Smeeton','34667 Packers Point','1962-02-11','Female','854-14-7710'),('2022-07-25','Slevin','439 Sutherland Court','1976-07-16','Male','285-58-0042'),('2022-08-16','Wisson','5 Messerschmidt Road','2005-09-28','Polygender','421-92-6043'),('2022-01-18','Miskimmon','906 Dovetail Lane','1955-10-12','Male','407-53-2413'),('2022-02-24','Balasini','97 Bartelt Court','1977-06-06','Non-binary','664-69-5245'),('2022-08-15','Gioan','2 Loftsgordon Trail','1952-01-25','Female','717-71-9524'),('2022-03-20','Reiglar','2 Sullivan Pass','1964-03-29','Female','606-68-5434'),('2022-03-21','Swaine','3 Evergreen Court','2020-12-18','Male','463-16-1869'),('2022-01-11','Swansborough','8 Warner Street','1958-09-16','Male','789-67-1703'),('2022-10-19','Goult','67 Portage Place','2017-04-09','Male','617-83-4000'),('2022-06-28','Seagrove','37 Stuart Center','1992-10-08','Female','308-34-4855'),('2022-01-14','Sainte Paul','80 Luster Court','1979-10-29','Female','560-56-5867'),('2022-10-20','Masarrat','9403 Graceland Drive','2004-09-02','Female','883-82-1599'),('2022-03-16','Denes','170 Redwing Park','1995-05-18','Female','499-80-3620'),('2022-04-21','Elvidge','3 Riverside Avenue','1953-11-13','Female','896-34-6987'),('2022-07-26','Durnill','3 Shasta Drive','1965-10-28','Female','879-07-4032'),('2022-10-07','Audus','72649 Becker Street','2011-06-05','Female','527-40-3533'),('2022-09-08','Jecock','88899 Oak Valley Alley','1998-05-26','Male','234-88-4782'),('2022-06-05','Raggitt','64461 Butternut Center','2013-03-20','Male','646-62-9176'),('2022-08-25','Belhomme','9980 Spohn Pass','1957-05-21','Female','808-43-2643'),('2022-04-28','Pavek','783 Sauthoff Lane','1952-06-11','Female','464-04-4930'),('2022-02-01','Cumber','2414 Dixon Street','1997-02-24','Female','398-50-4677'),('2021-12-23','MacRorie','5026 Arizona Alley','2004-12-28','Male','414-05-3647'),('2022-10-17','Wigin','149 Everett Alley','1973-02-23','Female','213-28-3126'),('2022-01-13','Thorpe','837 Coolidge Avenue','2001-12-02','Bigender','543-36-9852'),('2022-06-03','Roubay','7 Center Terrace','1970-10-16','Female','101-80-5769'),('2022-06-01','Daniellot','0 Maywood Place','1968-06-11','Male','349-34-4152'),('2022-02-09','Yearron','64155 Tony Way','1962-09-29','Male','798-71-6557'),('2022-01-15','Mongeot','8 Coolidge Parkway','2013-10-17','Female','323-85-3703'),('2022-01-07','Fishbourne','09175 School Park','1976-06-25','Female','569-48-7378'),('2022-02-25','Grevel','83036 Johnson Crossing','2021-04-12','Bigender','807-89-4623'),('2022-04-10','Inseal','0 Warbler Park','2014-11-28','Male','187-81-2747'),('2022-10-21','Greatbank','09 Namekagon Road','1977-09-18','Male','403-51-1614'),('2022-05-15','Meeking','0 Badeau Parkway','1975-02-27','Male','259-44-1270'),('2022-10-08','Grishkov','04 Mayer Drive','2001-05-03','Male','507-09-7134'),('2022-10-08','Gioani','7 Mayfield Plaza','1980-03-03','Female','659-34-4852'),('2022-04-02','Karppi','35 Oxford Place','1974-07-03','Male','448-83-0575'),('2022-02-10','Laingmaid','1 Menomonie Junction','1955-06-18','Female','312-31-7258'),('2022-07-31','Strathe','553 Buena Vista Park','1983-10-25','Female','731-52-5355'),('2021-12-29','Casper','62 American Ash Center','1962-06-27','Female','226-99-1768'),('2022-10-26','Sivyour','80 Daystar Place','1979-10-06','Male','251-58-3617'),('2022-05-23','Yetman','217 Stang Parkway','1958-01-18','Male','279-68-8339'),('2021-12-07','Feore','66981 Melvin Point','2012-10-19','Female','732-68-2740'),('2022-03-09','Tayloe','5871 Northwestern Plaza','2020-02-21','Male','716-87-5097'),('2022-11-14','Delmage','6 East Junction','2011-02-14','Female','441-97-9692'),('2022-11-13','Andresen','92 Coleman Point','2021-12-18','Male','331-34-6698'),('2022-02-18','McInulty','70023 Scoville Court','1952-11-02','Female','688-54-8134'),('2022-11-02','Sloegrave','1553 Mccormick Terrace','2011-09-29','Female','487-72-1540'),('2021-12-08','Selborne','3835 Mariners Cove Lane','2007-03-09','Male','829-24-9065'),('2022-12-01','Sarrell','3667 Express Alley','1984-01-05','Female','550-83-5092'),('2022-07-21','Mila','1 Del Sol Way','1991-08-10','Polygender','375-94-4244'),('2022-08-09','Meneyer','4039 Pine View Terrace','1967-03-16','Male','176-35-5100'),('2022-04-09','Grimley','5641 Iowa Drive','1953-03-21','Bigender','468-67-3726'),('2022-07-24','Quimby','9196 Lunder Circle','1992-04-26','Male','352-48-3416'),('2022-08-31','Village','9726 Westend Park','1969-03-10','Male','338-89-5725'),('2022-10-05','Serot','45302 Nobel Place','1951-06-16','Male','506-45-3730'),('2022-01-18','Leggon','48 Blackbird Hill','1951-07-18','Female','300-79-7907'),('2022-05-11','Joust','962 Coleman Avenue','1960-04-16','Female','843-77-3036'),('2022-03-24','Copes','17944 Novick Road','1990-03-29','Female','593-72-0819'),('2022-09-04','Goricke','55 Bayside Trail','2011-12-11','Female','601-72-7357'),('2022-03-09','Treasure','8279 Nevada Point','1983-08-03','Male','898-76-5699'),('2022-03-15','Assandri','1195 Mendota Court','1951-10-03','Male','364-08-1755'),('2021-12-14','Found','7 Kings Circle','2016-06-07','Male','594-98-9992'),('2022-05-25','Louth','06 Westerfield Park','1977-08-20','Male','648-71-3469'),('2022-01-02','Kliemke','9 Homewood Plaza','1986-09-11','Female','552-58-0688'),('2022-01-30','Rhule','990 Doe Crossing Way','2022-08-13','Female','204-70-6277'),('2022-10-26','Sanday','80 Pleasure Point','1951-09-28','Female','190-59-9566'),('2022-04-27','Hain','18 Bayside Park','1977-04-10','Male','187-02-2443'),('2022-07-30','Knoller','41 Melrose Way','1986-02-10','Female','509-06-9019'),('2022-07-05','Bails','810 Fair Oaks Lane','2006-12-12','Bigender','361-30-3235'),('2022-09-10','Le Breton','7062 Charing Cross Plaza','1987-12-12','Female','818-78-4142'),('2022-11-26','Kelsey','66391 Briar Crest Street','2015-04-07','Male','754-47-3208'),('2022-11-09','Carbonell','899 Northridge Pass','1991-06-16','Female','846-60-2770'),('2022-06-16','Kernley','93 Vernon Hill','1959-08-07','Agender','775-89-8505'),('2022-10-09','Jallin','085 Walton Drive','1958-09-14','Male','371-36-2211'),('2022-11-24','Durham','96 Reinke Court','1956-06-26','Male','429-35-7522'),('2022-05-13','Maulden','5232 Hagan Place','1997-03-28','Female','190-72-9013'),('2022-03-11','Rummer','234 Express Way','2014-09-08','Female','146-88-5556'),('2022-03-21','Hardbattle','58274 Lunder Parkway','2020-02-23','Non-binary','805-22-3379'),('2022-04-23','Jarnell','45253 Brown Alley','1957-02-15','Female','875-02-9641'),('2022-06-16','Pollard','22 Amoth Court','2011-08-17','Female','365-45-4632'),('2022-02-28','Round','5372 Derek Avenue','1987-03-25','Female','224-90-9434'),('2022-11-02','Blaisdale','188 Pearson Alley','2019-12-19','Female','396-66-9431'),('2022-02-19','Hairesnape','4451 Quincy Plaza','1990-12-09','Female','298-94-8083'),('2021-12-14','Quiddinton','559 Dwight Terrace','2017-04-05','Male','531-14-9124'),('2022-06-22','Heijnen','532 Cherokee Terrace','1981-05-06','Male','468-78-6239'),('2021-12-12','Pollington','170 Ruskin Pass','1984-03-08','Male','375-16-8529'),('2022-10-01','Lempertz','3937 Transport Point','2006-08-07','Female','274-25-7687'),('2022-03-11','Keyzor','20997 Dryden Terrace','2004-02-26','Female','356-84-2220'),('2022-08-08','Chesters','57 Sunfield Pass','1991-02-17','Female','230-84-2831'),('2022-11-14','Trenear','989 Northport Road','1951-09-22','Male','145-85-7448'),('2022-10-03','Gyppes','6 Elgar Pass','1990-03-23','Male','645-98-9867'),('2022-06-28','Sanpere','768 Declaration Place','1975-04-03','Non-binary','222-04-2398'),('2022-01-12','Bebis','58086 Pierstorff Road','1978-12-04','Male','636-21-9584'),('2022-09-11','Striker','0 Annamark Avenue','1985-09-11','Male','437-17-0561'),('2022-05-30','Wholesworth','842 Brentwood Lane','1986-05-03','Female','342-18-1750'),('2022-07-10','Alwin','4 Rowland Way','1982-04-14','Male','125-05-1434'),('2022-05-16','Fillary','9 Amoth Hill','2005-08-19','Male','184-40-5673'),('2022-02-08','Daen','287 Quincy Park','1976-04-12','Male','718-03-0325'),('2022-10-23','Lacroix','60 Ridge Oak Parkway','1955-12-12','Male','610-50-0252'),('2022-07-14','Nesbit','9144 Victoria Circle','1997-08-22','Female','796-34-3414'),('2022-09-27','Ham','2829 Moulton Drive','1985-01-10','Female','745-21-8428'),('2022-07-18','Yanyshev','8445 Maple Wood Road','1961-02-08','Male','518-53-9151'),('2022-07-23','Waadenburg','80 Welch Road','1986-09-12','Female','371-78-3750'),('2022-01-29','Abramin','67 Crescent Oaks Place','1983-02-24','Genderfluid','302-42-1637'),('2022-03-03','Raulston','628 Grim Drive','1968-09-11','Genderqueer','342-02-2912'),('2022-03-20','Stihl','72 Beilfuss Junction','1992-10-29','Female','190-61-2389'),('2022-09-29','Mollindinia','368 Gulseth Point','2004-07-07','Male','614-91-1332'),('2022-05-19','Goose','26 Spohn Hill','1975-10-01','Female','375-84-5912'),('2022-01-14','Evens','8 Nova Pass','2006-02-07','Female','637-16-1823'),('2022-01-23','Mouth','36741 Stephen Road','2022-11-07','Male','891-22-0679'),('2022-08-18','Erskin','05 Daystar Trail','1977-05-29','Female','223-65-4127'),('2021-12-27','Scrauniage','4607 Melrose Street','1969-08-16','Female','259-13-4048'),('2022-11-25','Pascall','7 Stone Corner Crossing','1964-05-21','Male','371-16-2802'),('2021-12-29','Grog','06307 Kim Parkway','1969-01-14','Male','225-71-1490'),('2022-05-26','Davidowsky','39749 High Crossing Pass','1955-09-11','Female','172-97-3006'),('2022-07-30','Scanes','673 Valley Edge Trail','1984-09-15','Female','579-61-1056'),('2022-01-07','Matzaitis','95865 Vermont Point','1993-05-24','Female','497-15-2731'),('2022-08-31','Palffy','90 Laurel Road','1981-05-22','Female','344-43-2367'),('2022-04-01','Athy','09 La Follette Junction','1973-11-15','Female','257-25-9422'),('2022-09-25','Mainston','058 Hauk Lane','2016-01-23','Male','360-79-8107'),('2022-07-03','Pauli','332 Ohio Circle','2002-05-26','Male','580-49-0307'),('2022-07-05','Antonioni','4 Haas Way','1962-07-14','Male','346-94-1125'),('2022-05-17','Asbury','13 Acker Park','2022-07-29','Female','688-77-7567'),('2022-03-28','Aldersey','0 Eggendart Way','1972-08-09','Male','197-42-6470'),('2021-12-15','Creber','1 Debs Alley','2021-06-14','Female','506-84-0755'),('2021-12-30','Flips','6253 Gateway Parkway','2021-05-05','Genderqueer','675-28-4892'),('2022-11-01','Tritton','961 Eastlawn Way','1988-12-24','Female','632-55-8417'),('2022-10-30','Kalker','43054 Clove Pass','1973-10-23','Female','388-49-1258'),('2021-12-15','Nerger','76204 Corscot Road','1990-01-31','Male','637-72-5338'),('2022-12-06','Eastwell','5 Grasskamp Place','2014-01-12','Genderfluid','353-44-9636'),('2022-01-13','Vassall','6964 Badeau Trail','1957-04-06','Female','415-61-7789'),('2022-04-30','Healey','96 Brentwood Road','1956-04-07','Female','236-15-9200'),('2022-09-16','Fery','586 Blue Bill Park Lane','2013-10-19','Male','718-59-1968'),('2022-10-09','Burgwyn','30 Lillian Park','2007-05-07','Female','569-06-6742'),('2022-05-08','Spieck','979 Mifflin Street','1997-02-20','Female','212-44-5365'),('2022-11-28','Seagrave','88 La Follette Avenue','1987-06-12','Male','691-82-1555'),('2022-10-25','Grant','515 Heath Alley','2021-03-15','Female','600-36-3232'),('2022-09-07','Cotty','4 Welch Center','1987-02-26','Bigender','158-41-4716'),('2022-07-02','Arson','0 Larry Street','2016-09-13','Genderfluid','807-58-0469'),('2022-09-28','Janiak','58272 Little Fleur Avenue','1969-10-17','Female','839-12-4902'),('2021-12-31','Cawley','4 Village Point','2004-09-02','Female','878-40-3605'),('2022-03-28','Cammidge','34 Fulton Avenue','1963-07-11','Agender','732-84-2152'),('2022-02-20','Nipper','81 Kedzie Circle','1999-09-02','Female','501-72-7093'),('2022-09-16','Foyston','27742 Westridge Terrace','1957-06-10','Female','360-01-8664'),('2022-08-26','Koppen','1 Northfield Hill','1978-02-24','Male','232-62-7371'),('2022-05-17','Elsey','87343 Portage Parkway','2000-11-10','Male','154-83-9731'),('2022-07-09','Hamfleet','458 Ryan Alley','2009-05-22','Female','716-94-7333'),('2022-10-10','Szymonowicz','025 Larry Street','2004-11-26','Female','809-28-2025'),('2022-02-16','Pickle','2 Del Mar Street','1970-06-04','Male','453-89-8089'),('2022-02-10','Giraudou','67 Rutledge Trail','1973-10-21','Female','300-69-9341'),('2022-10-06','Borrington','7186 Orin Court','1975-07-06','Female','820-09-5339'),('2022-04-16','Rackley','93 Aberg Plaza','1973-03-12','Male','384-88-8471'),('2022-03-22','Hendrickx','0 Bonner Parkway','2009-10-11','Male','142-24-0538'),('2022-11-24','Golsthorp','2 Havey Plaza','2005-08-06','Female','203-77-0926'),('2022-03-01','Ivashnikov','373 John Wall Hill','1999-02-05','Female','442-14-5422'),('2022-01-13','Cardew','285 Summit Avenue','2013-10-24','Female','174-46-5226'),('2022-09-13','Brocking','93 Messerschmidt Road','1971-11-05','Female','611-25-8114'),('2022-01-30','Gibbieson','13464 Buhler Street','1962-11-16','Female','845-65-0161'),('2022-06-06','Robard','216 School Point','1951-03-31','Female','875-70-4896'),('2022-04-28','Scudders','4543 Fuller Junction','1967-08-25','Female','820-55-4214'),('2022-05-27','Bidwell','9669 Cardinal Point','1982-06-20','Female','173-86-8818'),('2022-05-31','Klainman','70 Buhler Court','1982-11-27','Female','764-08-2152'),('2022-01-28','Chastagnier','9 Erie Terrace','1996-12-22','Female','346-48-7987'),('2022-06-15','Fewlass','5 Steensland Alley','1966-12-01','Male','579-77-2745'),('2022-02-03','Ellerby','4852 Lyons Crossing','1975-04-11','Polygender','355-02-8986'),('2022-10-11','Robker','29881 Monica Pass','1952-03-03','Female','383-47-3618'),('2022-04-04','Matthiesen','6 Wayridge Trail','1983-02-07','Male','112-92-0252'),('2022-03-15','Busfield','0942 Sachtjen Lane','1958-08-16','Female','262-11-3526'),('2022-02-26','Kropp','03 Ilene Pass','2019-10-13','Female','590-03-6294'),('2022-03-02','Denisyuk','40 Nevada Street','1984-04-10','Male','889-42-8788'),('2022-08-31','Polland','191 Nevada Avenue','1951-08-30','Male','187-85-9032'),('2022-02-05','Atrill','7172 Atwood Place','1967-09-12','Female','824-08-1756'),('2022-06-29','Derrington','2 Butterfield Way','1987-02-12','Female','369-19-8067'),('2022-05-12','Muffen','6 New Castle Way','1963-08-30','Male','732-64-8313'),('2022-10-06','Halsted','7 Johnson Alley','1995-06-01','Female','738-97-5971'),('2022-04-26','Fuente','5 Troy Avenue','2002-04-15','Female','226-68-9075'),('2021-12-25','Cornthwaite','06 Mcbride Road','2022-11-17','Male','870-18-5874'),('2022-04-14','Grumell','99711 Park Meadow Parkway','1982-01-12','Male','500-49-2825'),('2022-03-23','Seakes','78906 David Lane','1951-09-23','Female','817-98-2187'),('2022-07-28','Stacey','0 Memorial Circle','2017-10-23','Female','838-50-0423'),('2021-12-20','Rudolf','18 Iowa Circle','1977-10-14','Female','744-32-6871'),('2022-08-08','Ledford','3473 Anniversary Center','1971-09-23','Female','826-46-9793'),('2022-11-06','Hoggin','94 Grover Park','1996-12-31','Bigender','674-99-6581'),('2022-07-16','Latliff','6 Thackeray Crossing','1970-11-13','Female','710-84-2678'),('2022-06-10','Tremaine','843 Glacier Hill Place','1999-01-10','Male','894-03-3225'),('2022-02-03','Strahan','086 Springs Parkway','1964-08-15','Female','865-59-4377'),('2022-10-15','Shildrick','94922 Bellgrove Terrace','2008-04-06','Male','295-39-6908'),('2022-09-13','Ballance','1 Springview Trail','1972-04-08','Male','420-48-9648'),('2022-01-31','Janczewski','114 Warbler Pass','1958-10-05','Female','830-02-7673'),('2022-02-19','Collin','9 Rigney Road','1976-12-31','Agender','863-31-9677'),('2022-06-19','Edmeads','5 Anzinger Place','1953-05-26','Male','149-63-3160'),('2022-02-12','Tonge','42786 Scofield Place','1962-09-01','Male','433-08-5455'),('2022-08-19','MacGiolla Pheadair','9 Scoville Park','1951-08-15','Male','319-91-4866'),('2022-11-30','Gwyther','8 Knutson Alley','1958-06-04','Male','572-84-6762'),('2022-12-03','Leppingwell','31 Mitchell Park','1983-08-21','Male','132-45-2562'),('2022-04-21','Slark','1 Schiller Point','1985-09-27','Male','169-09-5104'),('2022-02-05','Flye','95832 Warbler Alley','1961-05-07','Male','236-31-2532'),('2022-01-17','O\' Donohoe','7 Amoth Junction','1984-04-23','Female','453-72-7556'),('2022-06-01','Mea','623 Nancy Parkway','2012-10-06','Female','494-20-8009'),('2021-12-29','Tomaszewski','5 Golf View Trail','1955-11-07','Male','720-16-4092'),('2022-06-24','Rookledge','980 Packers Center','2001-07-11','Male','552-51-5002'),('2022-05-15','Matic','06 Arrowood Pass','1981-08-14','Female','510-86-4120'),('2022-06-05','Tunna','627 Homewood Terrace','2000-05-06','Female','834-92-8491'),('2022-02-03','Castagne','8 Anzinger Place','2004-07-06','Female','621-50-6884'),('2021-12-10','Arstingall','33 Merrick Pass','2019-11-25','Female','219-69-7118'),('2022-09-29','Dockwra','2794 Twin Pines Hill','1984-06-08','Male','362-45-3438'),('2022-07-14','Winslow','359 Delaware Place','1992-01-03','Female','485-70-5105'),('2022-01-26','Keep','92 Eagan Parkway','1960-01-15','Female','445-58-5668'),('2022-10-21','O\' Loughran','019 Forster Point','1981-07-05','Male','326-61-7617'),('2022-05-20','Yarrow','9 Dottie Street','1980-06-07','Female','774-55-1077'),('2022-06-11','Sture','1 Eastlawn Avenue','1956-10-18','Male','286-88-4857'),('2022-08-04','de Broke','982 Forest Dale Circle','2005-08-14','Female','659-06-5288'),('2022-05-27','Jirick','05655 Waubesa Parkway','2002-05-01','Male','811-32-3835'),('2022-06-12','Gonin','4219 Red Cloud Pass','2020-09-09','Non-binary','141-26-0374'),('2022-08-20','Joule','58739 Blue Bill Park Pass','1952-06-27','Female','713-64-9633'),('2022-07-26','Wilkison','60778 Glacier Hill Court','2002-03-06','Male','718-65-3751'),('2022-03-28','Shee','6380 Thierer Hill','1951-01-28','Bigender','123-30-5130'),('2022-09-24','Beresford','7673 Rowland Place','1956-03-28','Male','760-99-5244'),('2022-02-12','Eatherton','56092 Cardinal Center','1991-12-29','Male','291-46-4189'),('2022-11-17','Hinz','23255 Redwing Road','2004-12-18','Female','804-54-7168'),('2022-02-27','Burton','9 Derek Trail','1985-04-30','Genderqueer','721-75-9056'),('2022-03-11','Guillain','2 Pleasure Crossing','1977-03-07','Female','479-16-5206'),('2022-07-27','Collison','67802 Red Cloud Park','2008-02-28','Female','422-96-1367'),('2022-03-21','Jaquest','84 Mccormick Way','1984-04-18','Male','769-23-9072'),('2022-09-26','Costigan','5 Bluejay Drive','2001-01-28','Female','319-17-7984'),('2022-01-17','Crolla','17 Blue Bill Park Park','1974-05-24','Male','779-64-0440'),('2022-07-17','Holt','6606 Messerschmidt Point','1951-08-05','Male','329-09-8063'),('2022-11-23','Cawkwell','366 Carberry Lane','1977-08-23','Male','537-33-8178'),('2021-12-14','Salthouse','2 Lotheville Park','1989-09-21','Female','803-03-9478'),('2022-04-11','Arnhold','974 Jackson Hill','1958-11-30','Male','479-61-9354'),('2022-07-03','Brudenell','21068 Darwin Drive','1991-02-13','Female','186-83-4949'),('2022-05-17','Raiker','5385 4th Circle','2012-08-15','Male','590-04-8738'),('2022-02-14','Penwright','84311 Express Court','2002-02-04','Male','642-39-5494'),('2022-03-31','Coates','615 Susan Pass','2016-06-29','Female','169-19-0782'),('2022-05-29','Edgecombe','90521 New Castle Avenue','2014-03-24','Female','195-53-8460'),('2022-03-07','Mager','3984 Sunfield Circle','2019-05-29','Female','397-98-5574'),('2022-09-18','Spurge','78284 Lyons Junction','2012-09-20','Male','389-37-9140'),('2022-03-27','Chicco','81 Judy Place','1953-02-23','Female','640-99-3468'),('2022-09-11','Klimecki','5 West Way','1977-06-24','Male','583-75-2781'),('2022-03-26','Koschke','1 8th Road','2009-04-01','Female','117-80-9441'),('2022-10-12','Kibbe','674 Mosinee Pass','2000-05-12','Male','159-04-7450'),('2022-09-05','Mainson','35339 Burrows Park','2021-02-26','Non-binary','797-12-8878'),('2022-10-30','Halle','00135 Oak Valley Street','1978-02-13','Male','352-58-1579'),('2022-08-17','Ruffli','04546 Briar Crest Place','2001-06-23','Female','563-99-8969'),('2022-01-26','Yakob','772 Badeau Park','2017-08-05','Bigender','249-20-6635'),('2022-09-16','Drane','0 Old Shore Hill','1960-03-07','Polygender','122-99-2927'),('2022-08-06','Malcolmson','84687 Emmet Terrace','2022-03-19','Male','400-96-3355'),('2022-04-17','Metham','701 Saint Paul Lane','1971-09-28','Male','871-90-3566'),('2022-09-23','Demanche','57206 Chive Point','1958-05-02','Male','443-82-0181'),('2022-04-10','Hindhaugh','778 Ramsey Place','2012-01-07','Polygender','871-98-3942'),('2022-10-03','Gue','5 Dorton Junction','1991-08-05','Male','620-23-3996'),('2022-07-08','Bocock','8044 Blue Bill Park Trail','2020-03-18','Male','834-53-8501'),('2021-12-28','Brodley','621 Bartelt Center','1956-09-09','Male','207-03-0683'),('2022-03-07','Itzakovitz','32 Forster Circle','1968-06-11','Female','641-94-7439'),('2022-11-27','Swayte','10 Mallory Trail','1960-03-27','Male','639-08-9208'),('2022-03-13','Gronow','83 5th Lane','1971-12-27','Male','674-19-3629'),('2022-09-24','Wrankmore','40306 Vera Hill','1955-03-31','Male','602-67-3951'),('2022-10-23','Rookesby','2060 Maryland Street','1997-01-13','Female','435-37-9686'),('2022-01-29','Southwell','370 Lukken Point','2010-11-27','Female','540-95-6642'),('2022-07-17','Gillbee','85 Armistice Junction','1989-03-26','Male','787-64-5486'),('2022-07-24','Totterdill','793 Village Street','2018-10-30','Polygender','794-35-6580'),('2022-10-27','Galvin','4706 Mendota Way','2013-04-15','Male','543-05-9837'),('2022-05-16','Scandrite','16 Ronald Regan Avenue','1982-06-01','Male','647-21-4590'),('2022-03-24','Corrao','3183 Algoma Place','1968-03-12','Male','180-34-5579'),('2022-03-12','Priel','8 Randy Hill','1980-01-03','Male','260-18-0426'),('2022-04-08','Boddy','49321 Gale Hill','1987-02-07','Genderqueer','141-49-6545'),('2022-04-14','Esgate','4921 Kropf Plaza','1981-09-04','Male','812-76-2452'),('2022-10-31','Mixhel','557 Judy Parkway','2014-01-29','Female','707-39-0108'),('2022-09-09','Carette','0 Grover Junction','1965-03-20','Female','280-84-3029'),('2022-02-15','Munday','476 Village Green Trail','1991-01-20','Genderfluid','258-20-6892'),('2022-09-17','Dimblebee','8807 Mallard Lane','1965-03-12','Female','356-97-8110'),('2022-04-07','Adnett','62 4th Junction','1987-11-26','Female','435-23-8204'),('2022-03-13','Ranger','5 Bunting Road','1972-09-20','Male','660-70-7597'),('2022-01-15','Proven','5108 Prairieview Point','2001-05-03','Female','854-24-4335'),('2022-11-09','Vinau','31250 Cascade Alley','1997-05-17','Male','525-98-2429'),('2022-08-19','McCarrick','48 Harper Trail','2012-12-14','Female','412-05-1452'),('2022-01-30','Matthewson','1561 Armistice Circle','2022-07-23','Male','619-46-5876'),('2022-06-21','Byer','83 Village Green Terrace','2002-06-23','Genderfluid','525-76-6051'),('2022-06-08','Sperring','1 Linden Lane','2004-09-21','Polygender','394-40-1749'),('2022-12-05','Eouzan','9 Carberry Street','1980-02-13','Female','160-68-6850'),('2022-08-27','Van','57257 Huxley Avenue','1968-05-29','Female','462-96-6734'),('2022-01-16','Mitchelhill','835 Melby Way','1994-05-10','Female','839-55-6092'),('2022-05-07','Groundwater','7 Kim Pass','1998-07-12','Male','399-53-7140'),('2022-06-01','Rylands','22 Commercial Hill','1961-06-24','Female','471-21-7936'),('2022-08-06','Hemerijk','8 Shasta Way','2000-01-21','Male','453-10-2194'),('2021-12-29','Vautier','93148 Daystar Street','2011-03-24','Male','773-25-9574'),('2022-02-03','Lackeye','0104 Valley Edge Junction','1998-08-04','Male','288-90-9725'),('2022-03-31','McIntee','4 Clarendon Way','1951-12-22','Female','385-52-5576'),('2022-08-03','Maplethorpe','08950 Declaration Place','2016-11-29','Male','538-98-4616'),('2021-12-24','Mayling','05 Oxford Park','2011-08-09','Male','718-10-3000'),('2022-04-18','Frances','5 Sauthoff Junction','1951-07-27','Female','802-35-3944'),('2022-03-20','Brownsey','8 Toban Crossing','1986-11-12','Female','302-01-8596'),('2022-07-01','Harman','102 Kingsford Lane','2020-11-30','Female','487-08-6393'),('2022-01-24','Telezhkin','47129 Northfield Circle','2020-09-15','Male','837-49-2098'),('2022-11-28','MacSherry','38202 Kipling Junction','1979-05-01','Male','899-50-3886'),('2022-06-21','Vaan','73 Lake View Avenue','2004-09-04','Agender','657-15-7486'),('2022-01-30','O\'Heagertie','1003 Green Circle','1968-07-20','Male','346-34-4893'),('2022-10-18','Tesh','61489 Paget Lane','2000-12-16','Male','284-77-9447'),('2022-02-15','Bartolic','8937 Jenifer Pass','1952-02-20','Male','768-54-4332'),('2022-10-21','Seiffert','7 Randy Drive','1969-08-08','Male','507-90-1818'),('2022-05-10','Langshaw','782 Tomscot Junction','1994-01-04','Female','804-83-1226'),('2022-09-19','Taill','613 Leroy Alley','1956-06-14','Male','356-53-5087'),('2022-02-13','Jansson','938 Leroy Pass','2011-02-27','Female','124-31-3845'),('2022-08-17','Stallon','7 Clarendon Terrace','1984-10-05','Male','212-24-6073'),('2022-04-15','Everit','99333 East Park','2008-04-09','Genderqueer','787-20-9490'),('2022-03-08','Clearley','7 Surrey Street','2006-02-25','Female','205-63-1638'),('2022-09-22','Claxson','73095 Barnett Street','2016-09-02','Male','579-94-8387'),('2022-10-28','Gilkison','44 Hintze Hill','1966-01-13','Male','722-04-1278'),('2022-06-04','Perfect','607 Burning Wood Alley','2008-09-14','Male','231-24-9869'),('2022-08-03','Rockcliffe','1631 Mitchell Trail','1957-10-23','Male','144-32-2220'),('2022-10-02','Harrow','0 Hayes Crossing','2007-08-28','Male','344-93-3253'),('2022-11-03','Clougher','7 Carioca Place','2014-04-04','Male','587-28-9677'),('2022-01-20','Hawtin','388 Scoville Circle','1996-07-17','Female','132-87-1690'),('2022-07-20','Darby','8 Kedzie Street','1958-04-16','Female','354-60-1072'),('2022-07-12','Kedward','3502 Hintze Pass','1972-04-18','Female','164-10-8300'),('2022-08-28','Sextie','53 Jay Court','1961-01-12','Male','702-64-7285'),('2022-05-12','Willatt','291 Daystar Circle','2020-04-28','Male','876-27-5388'),('2022-10-04','Gronno','934 Mariners Cove Place','1950-12-30','Female','484-26-8280'),('2021-12-25','Dalzell','9203 Kings Terrace','1981-01-26','Male','465-55-6809'),('2022-08-10','Pagel','48 Independence Junction','1972-01-20','Female','702-11-2112'),('2022-08-02','Ciobotaru','326 Hagan Hill','1953-08-14','Female','788-07-6962'),('2021-12-07','Zuker','46293 Glacier Hill Avenue','1993-06-27','Female','183-90-6999'),('2022-09-06','Artist','141 Weeping Birch Circle','1969-05-13','Female','157-21-2088'),('2022-05-11','Marieton','6 Parkside Trail','1984-03-18','Female','415-27-8595'),('2022-06-16','d\'Arcy','9409 Merry Lane','2022-09-15','Male','792-70-7022'),('2022-09-03','Braams','3556 Memorial Plaza','1996-06-23','Female','708-74-5429'),('2022-03-22','Pregel','9 Sachtjen Street','2019-09-26','Female','516-50-9651'),('2022-06-15','Medendorp','407 Donald Crossing','2011-08-17','Female','106-57-3449'),('2022-06-25','Powles','234 Marcy Crossing','2010-02-21','Male','282-62-1577'),('2022-10-16','Pybus','76075 Walton Avenue','1982-04-14','Male','387-51-5372'),('2022-10-19','Stubbley','69 Basil Alley','1958-08-20','Male','251-70-1702'),('2022-03-01','Gothliff','07928 Hermina Drive','1993-07-07','Female','245-19-1858'),('2022-01-08','Sinnock','81 Weeping Birch Court','1983-06-18','Male','773-60-4051'),('2022-08-13','April','77 Clove Pass','1988-04-12','Male','558-25-1241'),('2022-03-20','Laroze','22 Bartelt Court','1965-07-06','Male','537-97-6819'),('2022-12-01','Colley','9 Darwin Pass','1987-10-23','Male','618-61-8134'),('2022-03-10','Yakov','55934 La Follette Crossing','1964-03-25','Female','799-47-8739'),('2022-03-16','Clem','330 Oakridge Junction','1985-10-04','Female','186-91-1413'),('2022-01-21','Flounders','16 Gateway Lane','1979-03-31','Female','564-08-6467'),('2022-09-27','Badby','913 Randy Plaza','2015-09-30','Female','513-47-8002'),('2022-11-13','Bleaden','9 Hoard Circle','2004-09-16','Female','453-49-0602'),('2022-08-17','Mangin','1 Carpenter Drive','2006-04-23','Female','406-77-7879'),('2022-05-12','Clymo','18097 Loftsgordon Lane','1972-11-23','Male','329-29-9077'),('2022-08-13','Giacubo','9445 Rigney Parkway','1951-12-11','Female','798-09-5789'),('2022-07-09','Simmons','546 2nd Avenue','1976-11-07','Female','313-66-8674'),('2022-07-09','Denver','1496 Fair Oaks Center','1962-09-15','Male','250-83-1067'),('2022-06-20','Guyet','9104 Transport Street','1972-12-08','Female','728-98-8094'),('2022-11-03','Kynman','468 Morning Center','1956-08-06','Female','526-79-1905'),('2022-08-23','Wycliff','738 Green Ridge Junction','1993-02-14','Female','861-41-0398'),('2022-02-25','Tumilson','524 Service Hill','1979-01-23','Male','659-47-5845'),('2022-01-21','Aubin','0 Cherokee Alley','1960-04-20','Male','320-02-3458'),('2022-10-23','Yeabsley','106 Transport Way','2001-05-11','Female','893-32-9839'),('2022-03-13','Tanzer','478 Alpine Road','1951-06-02','Genderfluid','744-96-0513'),('2022-06-01','Branche','2 Colorado Terrace','2014-06-15','Male','656-57-9698'),('2022-03-26','Giacomasso','7 Vera Parkway','2014-01-20','Male','405-96-2799'),('2022-07-02','Jakaway','4 Eggendart Center','1955-11-05','Male','776-69-8096'),('2022-05-03','Kirman','23 Village Green Alley','2018-03-19','Female','646-29-1496'),('2022-06-15','Hairs','56 7th Plaza','1970-09-01','Male','442-74-5450'),('2022-05-28','Dunthorn','6053 South Junction','1997-02-15','Male','763-58-7599'),('2022-07-13','McGready','1 Canary Parkway','1982-06-10','Male','100-66-5048'),('2022-04-22','Robarts','95007 Di Loreto Parkway','1988-12-04','Male','421-19-8754'),('2022-11-13','Owen','8502 Elgar Pass','1962-05-07','Female','663-44-3858'),('2022-06-12','Renshaw','631 Lighthouse Bay Lane','1968-10-27','Female','594-25-7558'),('2022-03-07','McNickle','21 Mccormick Drive','1985-08-14','Male','529-29-4920'),('2022-05-06','Skeeles','5546 Lunder Point','1979-06-25','Female','647-39-5424'),('2022-07-18','Parradice','83 High Crossing Center','1975-10-09','Male','166-71-6081'),('2022-09-28','Abbe','9 Del Mar Lane','1986-01-08','Female','801-44-8035'),('2022-01-01','Swindon','63 Dennis Lane','1989-07-09','Male','446-37-7278'),('2022-06-25','Atkinson','1500 Nobel Way','2009-06-04','Female','119-47-2539'),('2022-11-09','Everist','7 Maryland Junction','1966-11-25','Male','132-45-1001'),('2022-07-28','Loddon','7295 Golf Terrace','2007-10-25','Female','194-93-6287'),('2022-03-16','Madders','3562 Buena Vista Alley','2006-02-21','Male','147-24-8211'),('2022-08-11','Gumn','672 Saint Paul Crossing','1998-12-03','Male','634-22-2632'),('2022-10-03','Revel','821 Dawn Avenue','1951-11-27','Male','694-27-7788'),('2022-03-01','MacKaile','40 Truax Place','1998-03-21','Female','753-93-6298'),('2022-09-26','Vasilic','7 Coolidge Pass','1951-07-30','Female','294-21-5909'),('2022-02-06','Ingle','03 Sugar Crossing','1962-12-09','Male','782-83-7710'),('2022-02-09','Dummett','1 Arapahoe Drive','1954-03-07','Female','297-92-2240'),('2022-07-22','Riseborough','4928 Sutteridge Avenue','1956-12-15','Female','708-99-8906'),('2022-07-17','Prahm','70 Golden Leaf Pass','2000-03-28','Male','541-96-8784'),('2022-06-30','Siemianowicz','0635 Clove Court','2011-12-25','Polygender','615-34-2984'),('2022-04-27','Magill','5239 Crowley Parkway','1956-12-14','Male','749-01-5826'),('2022-03-12','Demangeot','613 Dwight Point','1977-10-05','Male','609-28-1040'),('2022-08-12','Fransson','0499 Novick Alley','1986-01-26','Genderqueer','244-27-2799'),('2022-04-25','Jauncey','172 Pleasure Point','1991-07-28','Non-binary','820-36-6449'),('2022-05-10','Bickerstasse','4 Declaration Pass','2015-06-12','Female','723-72-7339'),('2022-01-07','Vanezis','5232 Straubel Plaza','1999-12-29','Male','688-27-2449'),('2022-08-15','Kaiser','9076 Warrior Junction','2003-06-26','Female','379-67-7574'),('2021-12-31','Booy','70745 Riverside Junction','2008-10-07','Female','137-43-2121'),('2022-11-07','Tudbald','89 Sherman Alley','1987-10-28','Male','459-99-6890'),('2022-12-05','Reeder','9515 Corry Drive','1998-01-11','Female','677-61-6469'),('2022-11-20','Cleever','930 Oak Valley Circle','2000-06-14','Male','709-27-6857'),('2022-04-25','Tissell','1108 Anzinger Street','1990-05-02','Male','150-07-9811'),('2022-11-30','Ingerith','69470 Paget Avenue','1999-10-18','Male','141-64-2787'),('2022-05-17','Hindenberger','7 Stang Road','1991-09-20','Female','364-54-7362'),('2022-09-07','Pallaske','868 Mesta Trail','1977-12-29','Male','517-94-0883'),('2022-06-30','Aldersley','3600 Sutherland Court','2015-06-19','Female','288-48-7869'),('2022-02-24','Manns','0 Spaight Junction','1976-10-18','Female','289-07-2685'),('2022-01-23','Rowlett','67 Longview Crossing','2017-04-05','Female','413-04-9704'),('2022-07-14','Matten','4276 Express Terrace','1993-06-06','Female','380-19-8467'),('2022-06-13','Hairon','6 Tennyson Parkway','1976-05-04','Male','862-20-0977'),('2022-03-05','Drogan','694 6th Drive','1958-12-20','Female','494-21-2195'),('2022-06-01','Lacrouts','8 Mccormick Avenue','1994-02-06','Male','323-92-1957'),('2022-08-15','Beynke','49 Del Mar Lane','1958-08-19','Female','708-34-3565'),('2022-05-18','Jikovsky','0993 Morning Circle','2021-06-02','Male','443-96-0025'),('2022-09-29','Batistelli','73 Ridgeview Place','2014-03-29','Female','168-19-9245'),('2022-08-27','Rogier','8 Marcy Crossing','2001-01-20','Female','829-94-0382'),('2022-07-19','Febvre','8 Manufacturers Plaza','1955-03-01','Male','433-44-4980'),('2022-07-24','Kidsley','30237 Tennessee Circle','1957-11-18','Male','291-57-8047'),('2022-04-29','Jouaneton','9 Westerfield Alley','1970-05-03','Female','594-72-7869'),('2022-08-21','Turbitt','9493 Packers Center','1975-10-03','Female','120-34-4650'),('2022-06-17','Mackerel','488 Westridge Alley','2016-11-09','Male','414-04-0426'),('2021-12-19','Canet','6696 Farragut Court','2019-12-27','Female','435-81-6306'),('2022-05-21','Huffey','71 Dahle Street','1952-10-04','Male','492-59-0557'),('2022-02-06','Mellodey','615 Granby Hill','1955-09-09','Female','761-56-7058'),('2022-01-18','Etherton','278 Brickson Park Junction','1979-11-07','Male','773-67-9161'),('2021-12-11','Tinton','15347 Glendale Alley','1968-01-11','Female','408-21-8922'),('2022-05-21','Cumberledge','1878 Acker Way','1988-08-23','Male','849-13-9873'),('2022-03-04','Freeborne','558 Summerview Hill','1999-06-12','Male','879-76-0129'),('2022-11-18','Stoffers','25 Cody Road','1992-02-22','Polygender','124-99-7346'),('2022-02-03','MacCrackan','7859 Esker Center','1970-06-19','Male','853-16-8565'),('2022-12-03','Kilfeather','1 Shopko Place','1985-04-12','Female','346-81-4652'),('2021-12-29','Courtenay','140 Sutherland Drive','2016-10-20','Female','887-02-4867'),('2022-04-21','Daynter','9960 Boyd Alley','2006-06-29','Non-binary','395-69-6398'),('2022-02-23','Spier','7430 Crownhardt Trail','2014-01-26','Female','602-01-0958'),('2022-04-04','Hain','802 Fuller Way','2011-08-10','Female','177-23-9710'),('2021-12-21','Dries','53438 Ilene Street','1995-11-17','Female','739-28-5338'),('2022-04-20','Eayrs','01 Arizona Way','1986-09-14','Female','565-77-1109'),('2022-10-11','Dickey','7001 Roth Plaza','1980-04-17','Female','500-25-0195'),('2022-10-20','Sangra','2726 Mariners Cove Pass','2001-05-08','Female','192-20-7266'),('2022-10-09','Downe','9 Grayhawk Way','1994-02-02','Female','711-60-0472'),('2022-03-10','Levick','30 Toban Parkway','1988-02-07','Male','291-77-1652'),('2022-09-24','Itzkovitch','689 Sachs Avenue','1957-08-18','Female','357-70-4321'),('2022-03-18','Brundell','8 Lyons Circle','2000-09-20','Agender','390-70-0959'),('2022-10-19','Knottley','49582 Quincy Place','1984-04-28','Male','804-60-1945'),('2022-08-31','Topp','94 Norway Maple Parkway','2005-05-04','Male','397-51-8943'),('2022-04-15','Jakaway','42 Judy Circle','1974-05-28','Male','243-82-8326'),('2022-10-30','Skeat','128 Dixon Drive','2003-08-04','Male','868-05-0179'),('2022-02-17','Lammert','32 Tony Trail','1976-04-23','Polygender','331-47-0097'),('2022-09-06','Guirardin','1 Packers Pass','1953-03-12','Male','487-98-8786'),('2022-11-01','Perigo','2760 Northridge Avenue','1974-05-09','Male','868-94-0281'),('2022-11-04','Lalevee','1 Wayridge Pass','1970-01-30','Male','424-80-7993'),('2022-07-02','Grellis','42 Aberg Point','2007-08-21','Bigender','159-41-2428'),('2022-12-05','Mulvenna','22480 Sullivan Road','1957-10-15','Male','560-34-9854'),('2022-05-15','Rasmus','5 Helena Place','2009-10-27','Male','209-16-4856'),('2022-01-16','Spandley','200 Surrey Point','1972-01-25','Female','573-23-9296'),('2022-10-28','Crownshaw','5 Erie Trail','1975-02-15','Male','465-55-7321'),('2022-02-23','Phalip','3910 Shoshone Place','2003-10-16','Male','592-51-5775'),('2022-03-12','Crawley','585 Tony Terrace','1985-01-20','Female','517-68-6511'),('2022-11-07','Sabattier','5540 Mifflin Point','1963-06-04','Female','268-89-9667'),('2022-08-28','Stobbs','67675 Nevada Alley','2016-01-16','Female','844-94-2571'),('2022-05-08','Ledgeway','047 Messerschmidt Crossing','2015-12-18','Male','414-52-7115'),('2022-07-30','Van Arsdall','1 Dwight Crossing','1960-10-17','Female','663-93-7509'),('2022-09-01','Dunniom','4 Mosinee Junction','2006-08-23','Female','270-67-6924'),('2022-05-14','Chaudron','3 Killdeer Way','2008-02-21','Female','116-36-0268'),('2022-08-01','Aspital','81493 Pleasure Drive','1967-07-09','Genderqueer','849-37-2040'),('2022-02-22','Woodlands','3868 Lakewood Gardens Road','1971-01-11','Male','480-14-9813'),('2022-01-06','Matthewman','1315 Eliot Circle','1994-10-13','Female','512-59-4499'),('2022-07-04','Caskey','82411 Drewry Road','1992-12-12','Female','402-03-1390'),('2022-05-10','Clementet','13 Victoria Trail','1999-05-17','Genderqueer','229-13-0310'),('2022-10-16','Roalfe','274 Pearson Junction','1981-03-29','Non-binary','784-33-3009'),('2022-10-23','Hazlehurst','8 Dennis Plaza','1972-04-30','Agender','512-75-0780'),('2022-07-09','Skyrme','0 Menomonie Court','1951-10-27','Female','496-15-9542'),('2022-06-07','Axten','5152 Shasta Crossing','1970-09-17','Bigender','698-65-8028'),('2022-09-10','Hatchett','135 Sheridan Place','1997-08-07','Male','421-52-0216'),('2022-05-14','Scolding','1169 Corry Street','1984-12-27','Female','482-02-4215'),('2022-01-09','Ruzek','97841 Michigan Crossing','1970-05-12','Female','704-40-2538'),('2022-02-15','Leigh','014 Badeau Point','1963-08-23','Male','622-46-5807'),('2022-05-01','Meryett','307 Randy Center','2004-11-25','Female','197-66-9313'),('2022-08-14','Elegood','56 Fuller Place','1985-10-17','Polygender','340-08-8069'),('2022-04-18','Renihan','490 Loeprich Terrace','1960-09-15','Male','344-53-3563'),('2022-01-25','Ibbett','2 Wayridge Lane','1997-01-12','Male','148-69-1509'),('2022-02-07','Akess','3 Carberry Terrace','1975-07-24','Male','511-61-9016'),('2022-03-11','Issett','4574 La Follette Junction','1962-04-12','Female','882-75-3309'),('2022-02-07','Bamling','71 Nobel Parkway','2000-06-24','Male','234-68-7060'),('2022-09-26','Ogglebie','27062 Green Drive','1955-08-29','Male','711-94-6687'),('2022-09-21','Gaytor','081 Tennyson Avenue','2022-04-27','Male','323-50-1905'),('2022-05-05','Storrar','850 Lerdahl Place','1955-05-01','Female','623-85-1880'),('2022-09-04','Troyes','26 Acker Avenue','1973-07-14','Male','472-12-3559'),('2022-09-26','Vasiliev','46 Myrtle Trail','1962-05-07','Female','635-97-2003'),('2022-10-17','Gullane','9648 Prairie Rose Place','1969-04-26','Female','754-01-3613'),('2022-08-16','Killeen','60370 Marquette Drive','1992-11-29','Male','414-05-0677'),('2022-08-11','Lilie','42476 Boyd Trail','1963-02-08','Female','334-64-7990'),('2022-01-08','Godon','2 Elgar Terrace','1955-05-23','Male','299-98-6228'),('2022-08-02','Gillinghams','2164 Melvin Park','1985-05-29','Polygender','292-97-2704'),('2022-09-23','Archbutt','82426 Bultman Street','1980-11-29','Male','598-65-3723'),('2021-12-21','Eckert','5 Beilfuss Junction','1998-06-27','Male','557-94-6103'),('2022-10-06','Ogger','8 Annamark Pass','1963-02-01','Male','584-64-2461'),('2022-09-07','MacAndie','5 Starling Lane','1996-02-22','Female','873-89-4158'),('2022-03-01','Hinchon','8 Drewry Park','1974-06-17','Male','138-58-2389'),('2022-10-09','Sickert','325 Colorado Junction','1977-01-05','Female','316-36-9286'),('2022-05-05','Hainey`','447 Mandrake Park','1996-06-24','Male','588-48-5100'),('2022-01-23','Eathorne','8 Dottie Way','1962-01-09','Male','624-41-0064'),('2021-12-19','Coonan','8413 Del Mar Terrace','2006-11-09','Female','162-30-0513'),('2022-03-03','Singers','5802 Commercial Road','1956-05-15','Female','451-99-5921'),('2022-03-12','Escot','99 Schurz Alley','1988-06-06','Female','454-25-5346'),('2022-01-26','Pineaux','955 Autumn Leaf Hill','2006-04-22','Female','269-73-6467'),('2022-08-18','Poat','7 Pond Alley','1964-06-13','Female','651-15-9327'),('2022-01-20','MacKessock','0 International Road','1970-08-07','Female','658-88-0328'),('2022-10-03','Trowell','2 Steensland Parkway','2011-06-27','Female','827-44-3432'),('2022-10-03','Cockcroft','8 Petterle Trail','1973-01-09','Female','872-29-5170'),('2022-01-11','McCullagh','937 Northland Plaza','1958-01-10','Female','438-05-2558'),('2022-01-04','Gonnel','43570 Delladonna Way','1964-09-06','Female','478-69-2582'),('2022-06-22','Mardoll','67 Northview Street','2014-09-08','Male','770-14-0003'),('2022-04-26','Kirman','03660 Grasskamp Road','1974-10-16','Male','697-73-2300'),('2022-01-30','Le Gassick','61819 Florence Parkway','1964-02-07','Female','652-81-6186'),('2022-10-13','Taffurelli','32 Hanson Street','1975-11-16','Male','828-66-5104'),('2022-12-04','Ickovici','47157 Reindahl Junction','2013-02-08','Female','534-34-4665'),('2022-09-06','Tomaszek','55713 Rutledge Avenue','1954-11-20','Female','337-12-2434'),('2022-06-02','Vaneev','36 Shopko Place','2021-08-26','Female','327-69-7270'),('2022-10-26','Balden','83 Sunfield Street','2005-04-11','Female','779-04-7765'),('2022-02-16','Hallet','46 Ridgeway Trail','2004-08-07','Female','813-71-5488'),('2022-11-08','MacHarg','370 Menomonie Hill','1999-09-12','Male','505-53-0612'),('2022-02-12','Attiwill','02 Derek Trail','1953-07-03','Male','194-32-0777'),('2022-08-22','Lundbeck','642 Esch Parkway','1964-08-11','Female','635-11-7566'),('2022-06-04','Haws','2 Troy Point','2022-08-26','Genderqueer','412-66-7044'),('2022-11-23','Tue','84 1st Avenue','1973-10-20','Male','452-32-1802'),('2022-05-02','Moody','6 Straubel Street','1954-08-15','Female','496-84-9858'),('2022-01-01','Saville','53 Thierer Place','1991-01-20','Male','880-31-7452'),('2022-03-28','Pottinger','24654 Continental Plaza','2001-11-24','Male','191-51-3645'),('2022-08-03','Swalwell','3 Banding Trail','2010-04-15','Genderfluid','102-01-9402'),('2022-07-15','MacKartan','884 Drewry Alley','1971-10-06','Male','725-40-6723'),('2021-12-16','Bukac','8 Talisman Avenue','2006-11-07','Male','802-70-2418'),('2022-02-11','Feild','34490 Kings Pass','2001-11-16','Female','443-17-6889'),('2022-07-20','Bareham','8 Lake View Drive','2018-09-09','Female','469-48-7399'),('2022-07-20','Fluit','31007 Green Ridge Road','2003-04-01','Male','530-82-6579'),('2022-06-16','Stradling','174 International Junction','1972-05-12','Bigender','193-47-0418'),('2022-05-17','Mitcheson','1328 Norway Maple Point','2013-03-03','Male','146-30-6341'),('2022-03-05','Clows','84 Delladonna Hill','2010-02-23','Female','469-19-9995'),('2022-08-19','Vicarey','76473 Warbler Way','2014-03-25','Male','469-89-0280'),('2021-12-10','Sheed','36821 Ridgeway Park','1981-01-24','Male','614-15-4966'),('2022-02-07','Ritmeyer','88341 Kingsford Lane','1963-10-27','Female','472-76-8392'),('2022-06-27','Scones','90 Redwing Parkway','1998-06-18','Male','741-44-9851'),('2022-02-22','Neave','7263 Center Avenue','1970-02-12','Male','221-39-9403'),('2022-02-19','Giblin','7648 Norway Maple Avenue','2008-07-28','Male','487-76-5473'),('2022-01-09','Casone','34 Coleman Way','1994-03-05','Male','426-85-5327'),('2022-06-25','Jovasevic','3 Superior Park','2001-11-20','Polygender','466-45-3928'),('2022-09-16','Fenner','35317 Mitchell Hill','2017-09-25','Female','784-86-3113'),('2022-03-04','Yakovitch','34 Carberry Place','1955-10-11','Male','307-39-2626'),('2022-05-06','Fydo','911 Magdeline Trail','2019-02-14','Male','191-24-1779'),('2022-10-24','Kneel','01946 Harper Parkway','1956-07-26','Female','267-27-2094'),('2022-03-24','Beevis','8587 Del Mar Place','2002-04-07','Male','228-72-7880'),('2022-11-22','McCaghan','543 Golf View Alley','1954-12-02','Bigender','384-08-4150'),('2022-01-05','Denge','41 Crownhardt Road','2012-11-13','Female','420-85-0723'),('2022-03-18','Scrivens','863 Carioca Point','1989-01-27','Male','174-89-4427'),('2022-08-07','O\'Heffernan','17 Rigney Avenue','1987-10-04','Male','646-46-0709'),('2022-03-14','Wanderschek','8065 Atwood Alley','1987-10-10','Male','885-23-8524'),('2022-08-16','Ogus','74836 Rusk Alley','2016-08-01','Female','708-35-9668'),('2022-06-10','Jakubovsky','2 Victoria Junction','2003-05-14','Male','797-42-3869'),('2022-11-13','Swalowe','4720 Lien Place','1951-10-19','Female','635-37-1775'),('2022-10-18','Anten','8 Jenifer Avenue','2004-08-19','Bigender','771-03-2058'),('2021-12-10','Wallbrook','558 Oak Pass','1982-11-23','Female','493-39-9994'),('2022-11-26','Spurgin','6062 Ruskin Circle','1958-06-20','Female','471-46-3712'),('2022-03-20','Oleksinski','710 Meadow Valley Trail','2021-05-05','Female','615-50-3070'),('2022-09-28','Stubbley','2757 Walton Pass','1971-08-08','Female','336-22-2471'),('2021-12-17','Pembridge','09775 Meadow Valley Pass','2007-12-30','Male','145-92-2313'),('2022-08-15','Ascough','822 Transport Pass','1977-11-07','Male','495-76-5583'),('2021-12-24','Neave','1619 Merrick Center','1999-02-25','Female','174-41-2426'),('2022-01-07','Haggart','51 Darwin Alley','1985-08-15','Female','348-20-0702'),('2022-04-27','Back','75409 Milwaukee Way','1988-03-09','Male','126-43-6775'),('2022-04-26','Fortin','796 Beilfuss Street','2005-04-19','Female','875-26-4068'),('2022-07-12','Angeli','8889 Longview Parkway','2001-08-18','Male','487-31-3365'),('2022-11-08','Vasyunichev','62565 Manufacturers Terrace','1958-01-08','Male','743-94-4182'),('2022-02-23','Pallis','387 Bellgrove Drive','2005-06-09','Female','762-82-2391'),('2022-05-02','Gehrts','2000 Aberg Trail','2007-03-13','Female','691-43-0285'),('2022-09-10','Rivlin','0625 Quincy Court','1973-03-27','Female','322-11-5355'),('2021-12-13','Surgeon','0253 Fairfield Way','1964-06-19','Male','854-92-4942'),('2022-07-14','Yitshak','42 Myrtle Terrace','1972-01-22','Male','122-82-9282'),('2022-01-22','Domingues','01873 Clemons Trail','1981-10-24','Female','882-34-0801'),('2022-02-12','Sager','75 Northland Lane','1987-07-25','Female','775-36-6228'),('2022-01-12','Postan','9 Marquette Drive','2022-01-13','Non-binary','739-07-3577'),('2021-12-22','Marchand','2 Grim Plaza','1989-09-20','Male','129-83-4611'),('2022-02-19','Lewer','99340 Acker Point','1993-02-28','Female','408-01-7334'),('2022-04-29','Dowrey','87226 Forster Road','1963-04-11','Male','339-07-1652'),('2022-01-25','Rockhill','554 Mallard Circle','1974-09-04','Male','375-80-2659'),('2022-04-28','Piser','25565 Packers Plaza','1969-01-25','Female','688-16-9415'),('2022-11-27','Fishbie','3782 Eliot Court','1972-05-22','Male','158-70-6704'),('2021-12-30','Jentle','13281 Pierstorff Hill','1960-04-24','Male','643-74-8989'),('2022-05-17','Cordelet','55178 Crest Line Crossing','1952-05-06','Female','332-68-8271'),('2022-09-26','Tipple','8080 Rigney Junction','1979-09-15','Male','584-64-2511'),('2022-05-25','Jepps','0 Forest Place','2004-05-16','Male','224-99-2637'),('2022-04-30','Denyukin','3826 Darwin Terrace','1961-02-06','Male','264-59-6981'),('2022-04-19','Gurley','0565 Rutledge Alley','1997-09-15','Female','158-50-8302'),('2022-02-24','Trevenu','04285 Continental Hill','1992-05-12','Female','442-73-6969'),('2022-08-12','Gosnall','3703 Ridge Oak Place','1955-09-29','Genderfluid','154-84-0367'),('2022-09-15','Petracek','3082 Anniversary Trail','2010-08-29','Female','127-96-7116'),('2022-11-05','Bridgen','89 Eastwood Place','1997-02-16','Female','196-61-2117'),('2022-09-03','Sanham','7798 Mesta Parkway','1962-10-05','Female','478-03-4438'),('2022-10-11','Durbyn','2101 Hagan Plaza','1985-05-28','Male','287-53-8314'),('2021-12-09','Smalls','9150 Jenna Lane','2000-05-03','Male','192-56-9398'),('2022-09-16','Do','8 Carberry Court','1972-02-13','Female','423-55-2293'),('2022-03-25','Claybourn','828 Holmberg Court','1979-01-20','Male','715-98-9822'),('2022-06-17','Risso','3 Ridge Oak Hill','2010-05-27','Female','253-86-5153'),('2022-05-11','Barstowk','21098 Maple Road','2012-08-31','Male','534-98-6499'),('2022-03-22','Penvarne','1041 Bunker Hill Road','1996-02-14','Male','115-03-0873'),('2022-08-15','Sire','10077 Fulton Hill','1979-06-04','Male','394-61-2365'),('2022-06-30','Wahlberg','3366 Melvin Terrace','1984-01-16','Female','339-03-1534'),('2022-03-01','Galero','220 Vermont Alley','1989-10-06','Male','584-89-9272'),('2022-01-12','Gebhard','7 Graceland Street','1957-08-23','Female','359-31-0935'),('2022-11-11','Cockerill','3973 Onsgard Court','2016-02-25','Male','323-26-7051'),('2022-02-24','Cometto','24 Westend Trail','1987-01-19','Male','128-81-8362'),('2022-01-27','Massie','66194 Norway Maple Alley','1973-05-30','Female','331-29-7832'),('2021-12-25','Rheam','70928 Shoshone Center','2006-08-05','Male','156-44-4506'),('2022-05-28','Scholl','864 Melody Point','2007-04-18','Male','484-29-9712'),('2022-10-05','Harbron','284 Sunfield Park','1975-05-19','Male','481-46-1021'),('2022-11-07','Jesty','6594 Kedzie Place','1963-11-17','Female','720-42-8067'),('2022-09-28','Castana','5089 Badeau Terrace','1968-01-13','Female','608-44-0137'),('2022-03-26','Featherbie','2 Annamark Crossing','1986-09-07','Female','857-30-2084'),('2022-07-21','Lys','23992 Debs Drive','1952-08-25','Female','281-17-4460'),('2022-05-07','Cobleigh','1 Cascade Parkway','2006-01-18','Male','665-72-1808'),('2022-11-25','Elphinstone','4719 Jackson Circle','1965-02-01','Male','163-84-5918'),('2022-03-15','Maybury','17 John Wall Parkway','2008-01-07','Male','206-35-0693'),('2022-06-26','Latchmore','8 Cordelia Street','1964-12-27','Female','177-19-7371'),('2022-08-08','Muirhead','77186 Carioca Place','1969-04-20','Female','207-91-7742'),('2022-03-03','Mattack','13397 Susan Avenue','2005-06-20','Male','473-46-3301'),('2022-07-22','Shiers','33197 Cambridge Center','1999-03-17','Male','775-81-8038'),('2022-10-25','Huffy','20 Hovde Plaza','1968-09-08','Male','637-94-3896'),('2022-09-11','Macewan','5 Meadow Vale Avenue','1954-11-02','Male','217-41-3720'),('2022-10-09','Heathorn','5 Karstens Junction','2005-07-15','Male','472-61-9577'),('2022-03-04','Roberds','39160 Harper Place','1957-11-06','Female','762-94-1640'),('2021-12-29','Barkshire','3 Merry Hill','2015-11-05','Male','443-62-7475'),('2022-12-02','Royse','914 Barnett Hill','1976-09-27','Female','235-80-8417'),('2022-09-01','Glenister','94222 American Ash Street','1963-09-12','Female','132-09-5831'),('2022-05-26','Pretty','7 Hazelcrest Trail','1981-11-25','Male','795-89-3637'),('2022-07-20','Biagi','35346 Namekagon Parkway','1997-11-20','Male','144-31-2376'),('2022-03-13','Hestrop','20501 Homewood Street','1988-06-22','Polygender','291-82-4846'),('2022-06-21','Hayton','59 Fulton Court','2009-11-28','Female','716-38-0918'),('2022-05-20','Pittford','9 La Follette Lane','2013-01-07','Female','397-55-0186'),('2022-01-20','Whitlaw','600 Calypso Center','1993-06-27','Female','701-55-1556'),('2022-07-16','Winkett','12 Westridge Parkway','1968-04-28','Female','537-03-7257'),('2022-11-01','Mawman','0393 Paget Park','2014-06-14','Male','876-04-9433'),('2022-08-21','Gavriel','93980 Melrose Court','2004-12-31','Female','262-34-2700'),('2022-04-27','Allcoat','30 Vahlen Park','1979-02-11','Female','795-06-2292'),('2022-01-23','Kiddle','60579 5th Terrace','1973-12-13','Male','241-31-4323'),('2022-06-05','Haggett','16 7th Way','2019-03-01','Male','423-59-4755'),('2022-01-20','Smead','75247 Bayside Plaza','1971-06-20','Male','860-88-7675'),('2022-02-01','Peck','26 Cherokee Plaza','2011-03-21','Female','478-26-1281'),('2022-09-04','Oxburgh','4666 Village Alley','1978-01-02','Male','449-55-0993'),('2022-03-24','Thams','5178 Jana Parkway','1998-05-07','Male','220-03-1505'),('2022-04-25','Bauduccio','30055 Knutson Drive','1983-01-16','Female','498-81-6249'),('2022-02-23','Biasini','70 Luster Court','1958-05-30','Female','293-22-8213'),('2022-09-18','Plenty','19 Riverside Avenue','1954-03-12','Female','834-60-4414'),('2022-11-28','McInnerny','035 Hintze Drive','1963-12-16','Male','795-76-2716'),('2022-09-22','Satterly','7021 Scofield Pass','1954-11-05','Male','115-69-5497'),('2022-07-17','Gutridge','8646 Dwight Circle','2014-08-06','Male','716-63-4505'),('2022-09-02','Myhan','78 Morrow Junction','1952-11-05','Female','629-11-1441'),('2022-01-27','Leasor','7965 Nobel Center','1951-09-06','Bigender','451-78-3648'),('2022-02-26','Crannell','1 Burning Wood Junction','2000-07-26','Female','659-36-9757'),('2022-07-10','McCready','06514 Meadow Vale Hill','1999-01-28','Female','301-26-3774'),('2022-07-16','Peatman','897 Moulton Parkway','1987-08-16','Genderqueer','571-85-7621'),('2022-08-07','Wanek','90 Moulton Terrace','1970-10-25','Female','609-33-7638'),('2022-07-03','Doge','07 Nova Junction','1984-06-09','Male','651-16-6048'),('2022-09-13','Hincham','6 Schlimgen Street','2005-02-12','Male','765-08-9287'),('2022-05-22','Tallyn','7058 Coolidge Avenue','1959-09-28','Male','518-30-1541'),('2021-12-22','Gilleon','7 International Lane','1992-11-27','Female','217-07-3269'),('2021-12-25','Pheasant','500 Nevada Parkway','2000-12-13','Female','166-12-9723'),('2022-06-18','Tunniclisse','7 Cordelia Place','2022-06-07','Female','177-70-0144'),('2021-12-26','Hunt','92969 Ryan Crossing','1987-07-24','Male','759-26-5308'),('2022-04-06','Bouzan','6 Manitowish Plaza','2001-07-20','Male','145-17-0820'),('2022-06-29','Sibery','0893 Valley Edge Avenue','1995-07-25','Male','256-65-9306'),('2022-12-05','Sempill','80 Morrow Parkway','2005-01-03','Agender','589-76-1596'),('2022-03-16','Pargiter','9863 Sullivan Alley','1992-11-15','Male','194-84-3348'),('2022-05-10','Petruszka','84 8th Point','1986-03-13','Female','589-40-4447'),('2022-09-09','Loughan','1 Glendale Alley','1959-10-25','Male','302-27-9295'),('2022-10-02','Shear','036 Magdeline Plaza','1963-01-13','Male','870-99-3062'),('2022-10-08','Fortnam','02 Longview Crossing','1973-01-08','Male','884-55-6738'),('2022-02-04','Wooster','794 Eagle Crest Park','1951-01-26','Male','322-90-5572'),('2022-06-08','MacKereth','0 South Lane','1984-08-14','Male','320-88-8494'),('2022-11-08','Lautie','93269 Hollow Ridge Lane','2005-07-12','Female','578-58-9530'),('2022-07-08','Goldstraw','4 Nobel Road','1996-10-08','Male','807-49-0566'),('2022-08-15','Walklate','4498 Grim Junction','1952-05-31','Female','896-33-7789'),('2022-06-09','Bucky','84467 Warbler Court','1962-08-27','Male','491-92-5927'),('2022-01-20','O\'Hanlon','767 Esch Pass','1998-12-01','Female','707-64-5419'),('2022-12-01','Greenslade','867 Novick Trail','1971-09-27','Female','500-04-9361'),('2022-01-26','McLarty','97 Mockingbird Point','1957-05-04','Male','728-44-5549'),('2022-04-22','Spargo','950 Westerfield Alley','2011-01-09','Female','550-58-0382'),('2022-04-25','Abarough','0061 Sugar Drive','2014-11-19','Male','161-41-2097'),('2022-03-30','Saben','3 Old Gate Circle','2009-02-09','Male','850-88-5137'),('2022-04-29','Domel','5 Lunder Street','2000-11-30','Female','590-38-6140'),('2022-05-17','Copland','3534 Calypso Lane','2022-11-01','Female','614-06-2316'),('2022-03-02','Deble','15355 Harbort Circle','1954-02-27','Female','801-62-5014'),('2022-01-22','Docket','0 Hazelcrest Center','2002-08-25','Male','774-53-1686'),('2022-07-21','Brewitt','7549 Loeprich Alley','1952-12-10','Female','561-89-3793'),('2022-03-21','Abbot','82378 Kropf Terrace','1972-04-17','Male','520-86-4363'),('2021-12-26','Willmot','37929 Calypso Crossing','1959-10-30','Female','366-30-0768'),('2022-06-30','Storton','86864 Graedel Circle','1994-03-05','Female','702-65-1176'),('2022-05-09','Reolfo','280 Mandrake Plaza','2010-06-15','Female','442-45-6395'),('2022-02-04','Woodus','2528 Hoard Pass','1971-09-18','Male','805-13-7852'),('2021-12-18','Applegarth','845 Scofield Terrace','1960-04-24','Male','142-74-1057'),('2022-11-18','Bygrove','375 Gerald Drive','1952-10-06','Male','269-64-9879'),('2022-10-01','Conneely','04880 Kennedy Circle','1999-06-03','Male','738-02-9095'),('2022-05-03','Gerauld','736 Goodland Junction','1961-08-19','Female','289-29-9919'),('2022-02-21','Meckiff','898 Springs Avenue','1970-06-22','Male','227-48-5691'),('2022-01-22','Tisor','8499 Marquette Road','2021-01-13','Male','314-69-4464'),('2022-03-11','Van Eeden','82736 Buhler Avenue','1953-07-18','Female','601-96-2875'),('2022-02-08','Bannister','9031 Service Way','1958-03-09','Male','474-34-7344'),('2022-02-05','Boscott','377 Bartillon Street','2022-11-26','Male','596-14-0907'),('2022-04-27','Dorgan','48440 Springview Trail','2013-08-27','Female','155-54-5041'),('2022-04-10','Connett','6966 Clemons Way','2005-01-09','Female','759-93-5980'),('2022-11-13','Penhaleurack','4562 Prairieview Hill','1994-09-02','Male','413-47-7871'),('2022-02-11','Duddle','5624 Ludington Place','1976-07-31','Male','640-14-1199'),('2022-07-07','Enser','4 Wayridge Crossing','1981-01-26','Agender','781-21-6531'),('2022-10-11','Ast','545 Russell Park','1970-07-29','Male','557-38-3934'),('2022-01-19','Bischof','67492 Jenifer Terrace','1959-04-04','Female','768-69-1145'),('2021-12-10','Peirson','1881 Onsgard Hill','1957-01-27','Male','159-48-3942'),('2022-11-26','Darnody','5901 Service Road','2000-12-24','Female','240-43-5624'),('2022-03-23','Tanfield','7428 Delladonna Lane','1975-11-16','Male','522-90-6001'),('2022-08-19','Woltman','6867 Pawling Alley','1972-12-05','Non-binary','270-32-6644'),('2022-11-15','Koenen','11 Northport Lane','1966-06-14','Male','731-19-4171'),('2022-03-12','Urvoy','61489 Northridge Street','1998-03-10','Female','803-27-2687'),('2022-01-16','Keeltagh','40 Butternut Court','1962-07-04','Male','585-40-9564'),('2022-11-06','Ucceli','2 Burrows Crossing','2013-07-23','Bigender','684-69-0917'),('2022-03-20','Grisdale','11 Harbort Junction','1983-11-28','Male','869-51-2611'),('2022-11-10','Beesey','27 Loomis Alley','1975-06-14','Female','860-40-7032'),('2022-03-25','Wadie','0960 Westport Way','2022-01-21','Male','110-10-1258'),('2022-02-02','Figger','39 Forest Dale Circle','1964-10-17','Male','386-28-8954'),('2022-09-17','Farrar','039 Karstens Pass','1980-08-20','Agender','823-57-2898'),('2022-04-26','Bodell','0 Hintze Hill','1956-06-09','Female','371-76-8397'),('2022-02-18','Boyde','991 Fairview Circle','2017-11-08','Female','794-70-3155'),('2022-01-27','Cloughton','102 Daystar Crossing','2002-01-15','Female','575-42-3406'),('2022-05-04','Bondy','62401 Green Ridge Trail','2006-10-23','Female','361-54-5252'),('2021-12-09','Kiddy','17476 Erie Circle','1987-08-10','Male','690-37-9289'),('2022-08-11','Stafford','8089 Haas Street','1957-11-21','Male','701-42-0916'),('2022-10-11','Kearns','75725 Warrior Parkway','1984-12-17','Male','399-91-7620'),('2022-09-10','Pannaman','91294 Manufacturers Hill','1976-11-28','Female','464-56-5390'),('2022-07-27','Yaxley','5 Del Sol Drive','1953-06-23','Male','815-99-7620'),('2022-10-04','Monaghan','266 Melby Alley','1965-04-22','Female','495-04-1507'),('2022-07-05','Clemensen','6711 Sunnyside Alley','2005-03-10','Female','837-31-4974'),('2022-10-09','Pusey','51 Banding Junction','2001-03-19','Female','376-26-3022'),('2022-11-19','Blue','6312 Monterey Point','2022-04-18','Female','338-80-8663'),('2022-02-24','Rottery','464 Pierstorff Hill','1989-06-20','Female','676-63-0144'),('2022-01-26','Ivanishev','0 Marcy Trail','1994-02-15','Female','246-92-3259'),('2022-05-18','Osichev','847 Summerview Plaza','1999-05-19','Male','820-88-6659'),('2022-07-04','Ord','03071 Barnett Parkway','1966-06-28','Male','635-33-5745'),('2022-04-26','Nisius','067 Goodland Place','2009-01-05','Female','365-86-9290'),('2022-07-21','Dillinger','909 Delaware Junction','2005-09-14','Male','211-67-4758'),('2022-07-23','Vousden','0472 Mockingbird Point','1951-06-20','Male','548-66-8296'),('2022-01-13','Keizman','329 Texas Park','2006-09-24','Female','359-76-6341'),('2021-12-20','O\'Cannon','48057 Summit Lane','1994-02-15','Genderqueer','457-55-8677'),('2022-04-12','Tomlett','39 Cascade Pass','1953-01-06','Male','322-22-8708'),('2021-12-27','Phlipon','38 Mitchell Junction','2021-06-12','Female','731-87-2513'),('2022-05-01','Avrahamoff','08898 Fallview Pass','1981-01-17','Agender','770-48-8175'),('2022-04-15','Frantzeni','89 Bay Junction','1982-10-10','Female','273-83-9898'),('2022-08-21','Diplock','0 Columbus Center','2021-07-20','Male','828-71-6672'),('2022-10-06','Tunbridge','8 Artisan Park','1988-04-20','Male','351-45-8233'),('2022-11-23','De Roberto','8 Dapin Junction','1953-06-16','Female','169-31-9162'),('2022-04-09','Claessens','26945 Springs Circle','1956-01-14','Male','830-22-7758'),('2022-05-04','Hackworth','2 Dunning Junction','1997-09-25','Male','585-38-6270'),('2022-08-19','Killich','719 Dovetail Road','2008-12-26','Female','551-78-6274'),('2022-02-11','Boyington','8 5th Street','2007-04-02','Male','276-82-5659'),('2022-07-12','Bumphrey','25 Susan Way','2014-08-19','Female','332-75-8073'),('2022-01-01','Seadon','268 Continental Park','1978-08-02','Male','787-83-6949'),('2022-01-06','Consadine','40 Hansons Park','1991-10-11','Male','423-82-7442'),('2022-02-22','Connar','79167 Di Loreto Lane','2010-05-16','Female','271-57-1548'),('2022-01-05','Baglan','6 Mandrake Place','1965-07-13','Female','228-47-0777'),('2022-06-25','Marty','68 Graedel Road','1960-12-30','Female','534-68-1759'),('2022-03-25','Gaggen','951 Ruskin Pass','1977-08-08','Female','834-92-3212'),('2022-03-03','Bahls','82039 Lake View Drive','2002-10-29','Female','488-59-7017'),('2022-11-18','Etteridge','71 Lillian Place','1989-10-17','Male','153-17-6892'),('2022-10-09','Ownsworth','10 Stuart Center','1967-06-26','Genderqueer','468-42-2561'),('2022-07-13','Domleo','70306 Lyons Junction','1973-09-03','Male','199-68-4916'),('2021-12-28','Appleyard','86 Springs Hill','1976-05-02','Female','254-65-7345'),('2022-05-23','Meegan','39729 Pleasure Pass','1986-05-29','Male','883-52-1518'),('2022-04-13','Dreelan','0 Ruskin Center','1988-04-17','Male','506-38-8651'),('2022-01-05','Godden','3186 Garrison Drive','2006-07-03','Female','207-99-4583'),('2022-01-08','Quaife','35566 Mallard Hill','1958-06-01','Male','550-74-9592'),('2022-11-16','Ioselevich','543 Burrows Avenue','1962-06-27','Female','745-89-5540'),('2022-09-21','Dossit','4359 Forster Alley','2006-11-29','Female','418-47-8772'),('2022-06-05','Amoore','09186 Merry Pass','1970-04-21','Male','497-72-5700'),('2022-10-17','Tither','7355 Fuller Crossing','2012-07-12','Female','780-48-0483'),('2022-11-16','Milliken','2 Sommers Center','1951-04-05','Female','290-39-6510'),('2022-12-01','Risdall','7 Vidon Parkway','2007-01-02','Female','370-31-7212'),('2022-11-28','Lerway','00 Farmco Junction','1960-06-29','Bigender','170-63-1148'),('2022-09-02','Geary','08063 Debra Junction','1985-02-01','Female','467-18-7007'),('2022-02-13','Dessent','90562 Lighthouse Bay Junction','1980-06-01','Male','358-29-0151'),('2022-07-09','Stuther','04 Autumn Leaf Center','1980-10-09','Female','201-52-2920'),('2022-05-06','Piens','80723 Mallard Alley','2009-01-13','Male','684-31-5362'),('2022-07-31','Perrat','10227 Shoshone Park','2015-04-17','Male','424-07-7898'),('2021-12-29','Lamburn','624 Caliangt Street','1963-03-22','Male','245-62-2216'),('2022-10-11','Murch','413 Sutherland Hill','1991-09-19','Female','234-72-2121'),('2022-05-27','Danelutti','24 Old Shore Drive','1972-06-19','Bigender','886-67-1720'),('2022-09-21','Biswell','5146 Barnett Plaza','1984-06-21','Female','466-67-9199'),('2022-11-30','Axten','75142 Toban Court','1987-07-05','Male','757-33-1502'),('2022-06-15','Morratt','9276 Carberry Way','2004-01-27','Genderfluid','283-22-7783'),('2022-07-12','Guion','879 Corben Park','1954-04-25','Female','306-09-3867'),('2022-08-06','Rosier','2 Namekagon Avenue','1979-03-04','Male','384-28-3899'),('2022-01-20','Bourbon','074 Lake View Hill','1953-01-12','Male','634-62-6539'),('2021-12-26','Caris','18738 Sundown Plaza','2004-12-26','Male','422-01-2650'),('2022-01-01','Longstreeth','039 Bonner Center','2021-07-06','Female','628-94-2285'),('2022-11-14','Beachem','916 Melvin Trail','2015-02-24','Male','218-31-4963'),('2022-03-12','Fonte','15290 Forest Pass','1998-02-23','Female','845-91-1096'),('2022-09-16','Biaggioli','52 Badeau Center','1971-10-29','Male','515-20-9226'),('2022-04-10','Quirke','20256 Amoth Place','1980-06-03','Male','774-71-2260'),('2022-05-26','Cruwys','229 Sage Circle','1954-12-23','Male','544-38-8076'),('2022-02-15','Notman','8 Caliangt Parkway','1951-08-31','Female','320-36-0993'),('2022-08-20','Titcombe','4392 Iowa Point','1998-09-25','Female','307-68-0282'),('2021-12-08','O\'Fearguise','8250 Brown Crossing','1987-10-23','Female','547-13-9449'),('2022-07-04','Sidey','57 Lotheville Alley','2004-09-28','Genderfluid','395-24-6245'),('2022-06-08','Jodkowski','57 Steensland Avenue','2011-10-16','Agender','131-09-6318'),('2022-02-27','Lendon','94 Loftsgordon Circle','1970-10-09','Male','758-92-8405'),('2022-11-26','Attenbarrow','266 Rigney Point','1965-05-05','Female','729-03-4179'),('2022-07-12','Dutteridge','0485 Sunnyside Hill','1966-07-10','Non-binary','152-26-8471'),('2022-08-11','Denisevich','7772 Sunnyside Crossing','1996-06-21','Male','670-29-4308'),('2022-06-06','Tulk','93 Brown Point','1970-12-28','Male','326-36-9942'),('2022-10-31','Limpricht','04 Vermont Court','1989-06-21','Male','898-84-1281'),('2022-04-28','Verey','50084 New Castle Lane','1993-07-31','Male','552-15-7568'),('2022-06-29','Shermar','2671 Lerdahl Crossing','1953-11-16','Female','389-80-5665'),('2022-01-01','Stood','28339 Northwestern Junction','1983-01-24','Female','493-11-1458'),('2022-02-27','Audsley','2802 Haas Parkway','2012-06-02','Male','580-42-0540'),('2022-11-02','Causey','19296 Eastwood Place','1959-04-20','Female','189-06-6775'),('2022-02-16','Houdhury','5639 Vahlen Hill','1972-07-03','Male','522-92-3317'),('2022-04-11','Ivachyov','217 Sloan Terrace','1955-11-10','Polygender','442-92-8622'),('2022-10-23','McCree','44 Pleasure Avenue','1959-02-03','Male','869-64-9260'),('2022-12-06','Pfleger','8811 Straubel Parkway','1995-02-25','Male','691-92-9682'),('2022-04-21','Hamman','07536 Golf Course Point','2022-07-18','Female','423-11-7943'),('2022-01-26','Chadbourne','7 Gina Way','1951-06-12','Male','742-33-9553'),('2022-06-09','Barbe','11 Porter Place','1976-10-19','Female','380-11-6710'),('2022-05-30','Symones','5131 Ohio Street','1982-09-22','Male','865-88-1196'),('2021-12-12','Danser','3235 Memorial Terrace','2000-05-08','Male','655-15-7099'),('2022-11-23','Manger','12906 Knutson Alley','2003-06-13','Female','517-27-6344'),('2022-09-21','Kinsett','7 Gulseth Lane','1955-08-09','Male','771-57-5825'),('2022-08-14','Lenormand','3 Butternut Hill','1972-09-01','Female','310-58-3708'),('2022-04-19','Crasswell','467 West Pass','2022-07-18','Male','766-21-0383'),('2022-03-14','Batecok','10224 Sheridan Place','1996-10-28','Male','709-03-9585'),('2022-02-27','Piniur','92 Homewood Plaza','1964-06-30','Female','550-33-1363'),('2022-04-05','Sissland','1954 Summerview Place','1953-02-10','Female','568-74-3818'),('2021-12-24','Ashe','38 Bayside Junction','1997-01-24','Male','510-31-9209'),('2022-07-27','Hallmark','08 Morningstar Street','1994-03-16','Male','611-54-1993'),('2022-08-08','Nano','89173 John Wall Way','1952-07-25','Male','559-69-3752'),('2022-02-28','De la Barre','18510 Lillian Court','2021-10-06','Male','861-22-5770'),('2022-08-22','Freiberg','87369 Elgar Crossing','2021-01-22','Female','857-88-0061'),('2022-01-26','Dennison','560 Hauk Park','1964-11-20','Female','322-29-1495'),('2022-07-19','Pierucci','57 Evergreen Parkway','2010-02-06','Male','538-09-7390'),('2022-02-24','Largan','89 Rowland Parkway','1964-08-09','Female','465-14-5755'),('2022-01-25','Sliney','4 Troy Park','2006-09-12','Female','431-88-3115'),('2022-06-01','Brokenshaw','67 Shoshone Place','1951-01-03','Female','683-42-3148'),('2022-02-03','Habben','6 Hintze Street','2022-01-09','Non-binary','150-28-5368'),('2022-03-24','Worsfold','72 Porter Terrace','1980-01-19','Female','824-67-3710'),('2022-03-22','Troutbeck','16500 Donald Center','1992-12-07','Male','299-27-3056'),('2022-06-11','Pirdy','2 Lakewood Gardens Pass','2003-05-05','Female','551-06-5967'),('2022-04-22','Cornborough','19873 Knutson Hill','1980-05-20','Non-binary','284-60-4219'),('2022-05-18','Matveyev','9655 Beilfuss Lane','2017-02-06','Female','249-52-6575'),('2022-09-06','Rallings','60315 Park Meadow Park','1971-08-27','Male','766-41-1744'),('2022-03-12','Ansell','98 Schiller Terrace','1972-03-22','Male','842-30-5177'),('2022-01-28','Goodbarne','1 Barby Pass','1990-01-25','Female','727-52-6285'),('2022-10-16','Whitebrook','15901 Algoma Court','2000-05-18','Male','312-02-7541'),('2022-10-30','Gately','0 Continental Pass','2022-04-04','Female','402-89-5044'),('2022-12-03','Willans','50161 Stone Corner Court','1978-07-31','Male','193-03-1608'),('2022-07-08','Newborn','8 Jay Court','2004-01-09','Female','648-96-8653'),('2022-02-12','Fere','42465 Declaration Parkway','1961-08-25','Female','577-47-3588'),('2022-06-28','Grewe','50818 Schmedeman Drive','2013-08-12','Male','823-68-4322'),('2022-01-19','McDavid','86142 Fremont Trail','1966-05-28','Female','872-75-0049'),('2022-10-15','Arsmith','61908 Straubel Avenue','1980-12-22','Male','690-76-5697'),('2022-07-03','Rotham','6 Dahle Parkway','1974-01-10','Male','796-51-2861'),('2022-05-30','Darwood','45019 Oakridge Terrace','2003-03-03','Female','457-37-2294'),('2022-03-17','Ismay','54 Esker Drive','1951-08-20','Polygender','629-24-5780'),('2022-09-09','Calleja','1 Shopko Place','2019-10-27','Female','516-32-5472'),('2022-01-22','De La Cote','179 Oak Valley Point','2011-08-24','Male','125-61-5542'),('2021-12-21','Ruffler','86 Lunder Center','1999-04-16','Female','299-60-4012'),('2022-09-02','Stockau','6 Prairie Rose Alley','1994-12-29','Male','528-18-5993'),('2022-01-05','O\'Geneay','32369 Parkside Hill','2002-11-27','Male','501-39-1749'),('2022-09-12','Sigg','66971 Spaight Center','2009-01-17','Female','890-32-4039'),('2022-08-07','Burgen','4 Brickson Park Street','1988-03-11','Female','591-79-0517'),('2022-02-22','Hartnell','8557 Forest Run Center','1980-09-09','Male','654-70-6947'),('2022-06-06','Baillie','5249 Pierstorff Plaza','1959-07-03','Male','130-56-3875'),('2022-03-10','Suddick','432 Russell Hill','1953-08-08','Female','876-66-6630'),('2022-06-22','Shreenan','467 Browning Road','1966-01-19','Male','779-44-4563'),('2022-10-05','Gow','21399 Carioca Court','1953-12-22','Female','472-69-9807'),('2022-01-09','Gilliam','4 International Pass','1986-04-06','Male','427-86-4952'),('2022-10-31','Labram','7 Mosinee Road','2005-12-12','Female','325-52-8027'),('2022-01-06','Winterflood','40 Schmedeman Alley','1972-02-12','Male','399-95-8243'),('2022-07-20','Flaxon','5 Lunder Court','2008-03-31','Male','390-10-5660'),('2021-12-21','Machon','7331 International Terrace','2015-07-27','Male','540-26-8896'),('2022-10-28','Saxon','3685 Thompson Drive','1957-07-31','Non-binary','760-05-5583'),('2022-10-16','Derell','8075 Sundown Drive','1990-12-08','Non-binary','312-41-5277'),('2022-11-03','Frammingham','54 Dwight Terrace','2000-04-07','Female','386-21-4737'),('2022-01-04','Baake','36 Macpherson Crossing','1995-09-22','Female','289-02-7080'),('2022-06-13','Tuxell','26140 Straubel Crossing','1996-09-24','Female','338-69-3846'),('2022-03-21','Bolderson','72 Clyde Gallagher Alley','2015-11-11','Female','815-75-0541'),('2022-02-15','Norwell','70816 Northwestern Drive','2002-02-22','Female','290-63-1862'),('2021-12-31','Annott','30886 Warrior Terrace','1982-06-23','Male','213-11-3834'),('2022-11-07','Ramelot','8872 4th Circle','1997-12-15','Male','527-70-2463'),('2021-12-07','Paxeford','5 Schlimgen Circle','1959-12-20','Male','668-72-6754'),('2022-06-30','McKinie','7 Troy Avenue','2006-05-15','Male','840-96-8434'),('2022-10-18','Lenthall','1 Swallow Point','1984-03-02','Male','633-57-7056'),('2022-07-11','Fetherstone','99911 Sundown Place','2013-10-28','Female','158-16-3177'),('2022-11-18','MacDougal','0 Cascade Avenue','1971-04-27','Male','701-77-6621'),('2022-07-03','Guilleton','857 Rockefeller Lane','1988-07-19','Genderqueer','167-96-5321'),('2022-02-20','Peterken','051 Grim Way','1969-12-26','Female','397-74-9760'),('2022-02-01','Kassel','86 Birchwood Avenue','1977-11-27','Female','685-12-1597'),('2021-12-29','Scorer','483 Aberg Center','1965-11-08','Male','263-41-3213'),('2022-07-29','Delion','97 Mayer Plaza','2004-04-28','Male','759-70-6041'),('2021-12-24','Darleston','80768 Basil Parkway','1999-06-19','Male','767-16-8053'),('2022-09-05','Bedlington','14 Rowland Circle','1988-12-06','Female','418-87-4907'),('2022-08-09','Peealess','745 Crowley Place','1967-11-17','Male','547-10-0892'),('2021-12-27','Kelway','44 Granby Place','1968-09-26','Female','578-28-6112'),('2022-09-16','Shevill','7421 Onsgard Crossing','1992-04-13','Male','106-16-0268'),('2022-04-14','Joder','143 Sommers Alley','1957-11-17','Female','596-09-5807'),('2022-01-15','Dyble','25 Sugar Plaza','1961-11-01','Male','724-82-4725'),('2021-12-20','Perico','7670 Pepper Wood Alley','1973-02-02','Female','692-12-0144'),('2022-08-08','Veque','21765 Dapin Street','1993-12-03','Female','268-14-3294');
/*!40000 ALTER TABLE `enfermo` ENABLE KEYS */;
UNLOCK TABLES;
/*!40103 SET TIME_ZONE=@OLD_TIME_ZONE */;

/*!40101 SET SQL_MODE=@OLD_SQL_MODE */;
/*!40014 SET FOREIGN_KEY_CHECKS=@OLD_FOREIGN_KEY_CHECKS */;
/*!40014 SET UNIQUE_CHECKS=@OLD_UNIQUE_CHECKS */;
/*!40101 SET CHARACTER_SET_CLIENT=@OLD_CHARACTER_SET_CLIENT */;
/*!40101 SET CHARACTER_SET_RESULTS=@OLD_CHARACTER_SET_RESULTS */;
/*!40101 SET COLLATION_CONNECTION=@OLD_COLLATION_CONNECTION */;
/*!40111 SET SQL_NOTES=@OLD_SQL_NOTES */;

-- Dump completed on 2022-12-07  2:19:37
