CREATE DATABASE  IF NOT EXISTS `buenasalud` /*!40100 DEFAULT CHARACTER SET utf8mb4 COLLATE utf8mb4_unicode_ci */ /*!80016 DEFAULT ENCRYPTION='N' */;
USE `buenasalud`;
-- MySQL dump 10.13  Distrib 8.0.31, for Win64 (x86_64)
--
-- Host: 127.0.0.1    Database: buenasalud
-- ------------------------------------------------------
-- Server version	8.0.30

/*!40101 SET @OLD_CHARACTER_SET_CLIENT=@@CHARACTER_SET_CLIENT */;
/*!40101 SET @OLD_CHARACTER_SET_RESULTS=@@CHARACTER_SET_RESULTS */;
/*!40101 SET @OLD_COLLATION_CONNECTION=@@COLLATION_CONNECTION */;
/*!50503 SET NAMES utf8 */;
/*!40103 SET @OLD_TIME_ZONE=@@TIME_ZONE */;
/*!40103 SET TIME_ZONE='+00:00' */;
/*!40014 SET @OLD_UNIQUE_CHECKS=@@UNIQUE_CHECKS, UNIQUE_CHECKS=0 */;
/*!40014 SET @OLD_FOREIGN_KEY_CHECKS=@@FOREIGN_KEY_CHECKS, FOREIGN_KEY_CHECKS=0 */;
/*!40101 SET @OLD_SQL_MODE=@@SQL_MODE, SQL_MODE='NO_AUTO_VALUE_ON_ZERO' */;
/*!40111 SET @OLD_SQL_NOTES=@@SQL_NOTES, SQL_NOTES=0 */;

--
-- Table structure for table `dept`
--

DROP TABLE IF EXISTS `dept`;
/*!40101 SET @saved_cs_client     = @@character_set_client */;
/*!50503 SET character_set_client = utf8mb4 */;
CREATE TABLE `dept` (
  `Dept_No` int NOT NULL AUTO_INCREMENT,
  `DNombre` varchar(255) CHARACTER SET utf8mb4 COLLATE utf8mb4_unicode_ci NOT NULL,
  `Loc` varchar(45) NOT NULL,
  PRIMARY KEY (`Dept_No`),
  UNIQUE KEY `Dept_no_UNIQUE` (`Dept_No`)
) ENGINE=InnoDB AUTO_INCREMENT=503 DEFAULT CHARSET=latin1;
/*!40101 SET character_set_client = @saved_cs_client */;

--
-- Dumping data for table `dept`
--

LOCK TABLES `dept` WRITE;
/*!40000 ALTER TABLE `dept` DISABLE KEYS */;
INSERT INTO `dept` VALUES (1,'Kutasari','46084-041'),(2,'Wuyao','62257-605'),(3,'Tignapalan','66116-389'),(4,'Wugong','54340-005'),(5,'Lamas','11523-7190'),(6,'Ruse','51079-980'),(7,'Cajamar','57520-0134'),(8,'Faraulep','49349-056'),(9,'Luzhi','68094-518'),(10,'Ishkhoy-Yurt','41167-0844'),(11,'Arras','0409-2776'),(12,'Mazongling','51346-156'),(13,'Xo’jayli Shahri','68645-201'),(14,'Gaobeijie','68151-0667'),(15,'Lakateng','52125-100'),(16,'Bijeli','0615-7583'),(17,'Pasirbatang','53499-7133'),(18,'Woja','68220-113'),(19,'Chervonohryhorivka','21695-488'),(20,'Mezhdurechensk','21695-016'),(21,'Tarbes','43689-0007'),(22,'Koksovyy','36987-2643'),(23,'Kanekomachi','68327-027'),(24,'Crauthem','68345-862'),(25,'La Courneuve','68084-490'),(26,'Caper','0924-0123'),(27,'Łaszczów','49781-036'),(28,'La Courneuve','58986-020'),(29,'Cabrela','16590-288'),(30,'Kayakent','0884-6600'),(31,'Tsimasham','0054-0198'),(32,'Adh Dhayd','61589-3813'),(33,'Guinoaliuan','49035-558'),(34,'São Gonçalo do Amarante','0378-3015'),(35,'Nasilava','52083-481'),(36,'Mbanza-Ngungu','61333-201'),(37,'Xuwei','49349-242'),(38,'Včelná','67877-305'),(39,'Wesoła','36800-401'),(40,'Maunggora','36987-2027'),(41,'Namangan Shahri','22700-143'),(42,'Eskifjörður','0113-0056'),(43,'San José de Feliciano','0093-7152'),(44,'Teixoso','37808-210'),(45,'Solnechnogorsk','0093-4059'),(46,'Duanshen','49349-546'),(47,'Ljungby','65840-100'),(48,'la Massana','49035-291'),(49,'Sapernoye','11084-177'),(50,'Nizhniy Novgorod','60429-767'),(51,'Hajnówka','46122-265'),(52,'Ughelli','51346-161'),(53,'Kunčina','53808-0261'),(54,'Korenovsk','24236-988'),(55,'Bratislava','54868-4983'),(56,'Saint Louis','55264-020'),(57,'Oyabe','54458-881'),(58,'Parchal','49288-9935'),(59,'Lavia','36987-3418'),(60,'L\'Île-Perrot','0781-6203'),(61,'20 de Noviembre','0268-0811'),(62,'Khadyzhensk','68382-099'),(63,'Xinkai','10237-655'),(64,'Ḩalāwah','0299-3913'),(65,'Momil','68472-104'),(66,'Pomacanchi','55111-355'),(67,'Dabao’anzhen','46122-206'),(68,'Daigo','49967-505'),(69,'Mashan','65862-097'),(70,'Tylicz','50458-090'),(71,'Lalukoen Dua','42507-368'),(72,'Daping','65342-0101'),(73,'Kansas City','68151-1487'),(74,'Doudleby nad Orlicí','36987-2052'),(75,'Липково','52125-888'),(76,'Skwierzyna','53808-0602'),(77,'Orita Eruwa','0378-3133'),(78,'Kathu','55312-272'),(79,'Lechinkay','17452-400'),(80,'Tsetsegnuur','57520-0917'),(81,'Sergelen','57664-175'),(82,'Mirzāpur','51393-7588'),(83,'Gao','33992-1412'),(84,'Gulrip’shi','36006-001'),(85,'Cishan','51525-7815'),(86,'Zhushan','0054-3027'),(87,'Casal da Serra','43419-325'),(88,'Listvyanka','45865-412'),(89,'Buffalo','21749-745'),(90,'Sidu','63323-024'),(91,'Demuk','49288-0305'),(92,'Sidem','49035-041'),(93,'Espérance Trébuchet','53746-110'),(94,'Shuangshi','54868-3765'),(95,'Nevel’','61767-001'),(96,'Xiadian','55289-447'),(97,'Taboão da Serra','68387-140'),(98,'Balice','0268-1440'),(99,'North Perth','24987-097'),(100,'Hirara','68645-320'),(101,'Gandajika','35356-136'),(102,'Tianhe','10802-1202'),(103,'Lafia','47682-392'),(104,'Pekuncen','66993-053'),(105,'Imām Şāḩib','51655-185'),(106,'Ngã Bảy','63843-465'),(107,'Gubu','0268-1223'),(108,'Montpellier','63868-406'),(109,'Makbon','0378-3530'),(110,'Baiquan','68878-131'),(111,'Nagasari','53808-0688'),(112,'Awarawar','0781-5052'),(113,'Borlänge','51991-817'),(114,'Duofudu','48951-2037'),(115,'Bumpe','68084-041'),(116,'Lyon','54868-5655'),(117,'Pakuncen','68382-544'),(118,'Wuppertal','54868-4386'),(119,'Kluczbork','10191-1411'),(120,'White Rock','67253-941'),(121,'Ḩalḩūl','63629-4018'),(122,'Adjumani','54272-102'),(123,'Enschede','48433-100'),(124,'Huacapampa','68084-190'),(125,'Turus','55045-3259'),(126,'Taohua','0268-1389'),(127,'Samadua','0363-0208'),(128,'København','0268-1086'),(129,'Karanglo','0603-1330'),(130,'Guangdu','10812-863'),(131,'Batang','33261-049'),(132,'San Benito','68180-122'),(133,'Zougang','55154-2064'),(134,'Mirovice','48951-3039'),(135,'Birendranagar','35356-981'),(136,'Xingfeng','0517-4810'),(137,'Stapleford','64720-327'),(138,'Chenjiaba','52533-165'),(139,'Quintã','30142-831'),(140,'Invermere','58118-0508'),(141,'Las Varas','66993-409'),(142,'Santo Domingo','63629-3646'),(143,'Orguz','0220-9280'),(144,'Dongzhaogezhuang','55050-0001'),(145,'Tabogon','52685-340'),(146,'Aroeira','55315-238'),(147,'Yashiro','49288-0497'),(148,'Monte Plata','0228-4019'),(149,'Cocachacra','43353-914'),(150,'Dole','68196-544'),(151,'Bay-ang','68382-792'),(152,'Bluefields','0409-3373'),(153,'Dos Quebradas','54569-4900'),(154,'Paiisa','55910-603'),(155,'Junliangcheng','55154-9616'),(156,'Chunoyar','53808-0816'),(157,'Belozërskoye','62670-3754'),(158,'Campos Sales','58411-149'),(159,'Skutskär','57955-5134'),(160,'Zengfu','0781-5790'),(161,'Qianzhou','76308-001'),(162,'Kanália','64616-070'),(163,'Catbalogan','63548-6352'),(164,'Baška Voda','41250-800'),(165,'Najiaying','51655-163'),(166,'Los Tangos','36987-1805'),(167,'Fray Luis A. Beltrán','0268-6203'),(168,'Orguz','43353-799'),(169,'Linköping','33261-672'),(170,'Chotcza','59535-9001'),(171,'Haikoudajie','40032-090'),(172,'Gasi','36987-3050'),(173,'Muarabadak','50021-016'),(174,'Cachadinha','61786-051'),(175,'Nesterov','16590-397'),(176,'Huangpo','36987-2384'),(177,'Vuzenica','68084-275'),(178,'Messina','21695-071'),(179,'Zdice','68745-1035'),(180,'Stockholm','60742-002'),(181,'Domašinec','58118-8344'),(182,'Gromnik','51660-526'),(183,'Qiaolin','50436-9989'),(184,'Guaratinguetá','0615-6580'),(185,'Tambo','68599-6114'),(186,'Zhangjiaji','0113-0259'),(187,'Östhammar','46007-203'),(188,'Princeville','54340-180'),(189,'Antas','14783-226'),(190,'Huangdu','43063-354'),(191,'Kuncen','54838-522'),(192,'Foso','0904-6080'),(193,'Kuala Terengganu','64679-990'),(194,'Ngala','24385-430'),(195,'Citeguh','54622-697'),(196,'Mszana Dolna','43596-0011'),(197,'Rijeka','49349-124'),(198,'Millet','0268-1041'),(199,'Chigorodó','37000-149'),(200,'Roanoke','35356-471'),(201,'Tumpang','0093-5125'),(202,'Puerto Galera','75990-959'),(203,'Zhangjiaji','10370-510'),(204,'Minnedosa','52959-129'),(205,'Pledo','11509-0306'),(206,'Nikita','43269-796'),(207,'Changgang','54575-182'),(208,'Roma','54868-3023'),(209,'Casais Baleal','13537-005'),(210,'Bergem','0041-0340'),(211,'São Mamede','0054-0224'),(212,'Demak','0023-4385'),(213,'Malaḩ','16590-898'),(214,'Khorramdarreh','50192-113'),(215,'San Vicente','49288-0052'),(216,'Fucun','52751-001'),(217,'Caucagüito','98132-904'),(218,'Nida','0615-7546'),(219,'Jurva','63776-370'),(220,'Hongsi','49349-382'),(221,'Stockholm','61077-039'),(222,'Kolyshley','66336-666'),(223,'La Punta','0054-4182'),(224,'Vale','21695-878'),(225,'Oepula','0268-6405'),(226,'Novovladykino','0062-0165'),(227,'Labuan','54868-4987'),(228,'Gigante','50436-3800'),(229,'Apiaí','36987-3081'),(230,'Ciherang','54868-4151'),(231,'Topeka','42858-901'),(232,'Rancabugel','0363-0050'),(233,'Cikaso','49580-3104'),(234,'San Joaquin','67751-009'),(235,'Llama','52125-248'),(236,'Casais Brancos','13668-110'),(237,'Karangtalun','55154-6630'),(238,'Amsterdam Binnenstad en Oostelijk Havengebied','57817-300'),(239,'Vilarinho','62670-8042'),(240,'Talldaww','60505-3438'),(241,'Krajan Selatan','10812-188'),(242,'Horta','67767-133'),(243,'Cabalawan','0143-1785'),(244,'Jetis','59260-135'),(245,'Jinotepe','36987-3267'),(246,'Ndendé','11673-173'),(247,'Riangwale','54868-4997'),(248,'Yelets','35356-662'),(249,'Eindhoven','49288-0664'),(250,'Qianzhou','67510-1562'),(251,'Sabang','55154-5086'),(252,'North Shore','55289-376'),(253,'Henglu','61919-221'),(254,'Gunungjulang','50804-247'),(255,'Mucuri','52810-203'),(256,'Ōmamachō-ōmama','63354-300'),(257,'Sangba','57955-0134'),(258,'Jiyukou','68809-544'),(259,'Miami','53942-210'),(260,'Huacrapuquio','13668-266'),(261,'Severomorsk','0615-5530'),(262,'Gande','55714-2233'),(263,'Goiana','53808-0340'),(264,'Chuanxi','43742-0213'),(265,'Suncun','41250-737'),(266,'Villeneuve-sur-Lot','67046-211'),(267,'Gunungpeundeuy','0436-0946'),(268,'Huaylillas','54575-092'),(269,'Quinta de Valadares','64679-670'),(270,'Langnga','49288-0409'),(271,'Dhahab','61957-1021'),(272,'Xiangzikou','53808-0962'),(273,'Rende','13925-101'),(274,'Cholargós','41520-977'),(275,'Capacmarca','54868-4819'),(276,'Sidenreng','33992-8463'),(277,'Itaguaí','48951-8108'),(278,'Ping’an','50436-0120'),(279,'Nikhom Phattana','65862-155'),(280,'Avallon','0115-1208'),(281,'Austin','0268-1030'),(282,'Gandzak','24385-634'),(283,'Hexi','49349-335'),(284,'Katori-shi','46994-908'),(285,'Ouro Preto do Oeste','10544-278'),(286,'Pittsburgh','42254-056'),(287,'Bumbuna','49035-544'),(288,'Uherský Ostroh','55154-5650'),(289,'Tabira','49035-019'),(290,'Rajal Norte','47781-297'),(291,'Novyy Svit','55154-2430'),(292,'Svenljunga','0093-0321'),(293,'Dizangué','36987-1869'),(294,'San Marcos','11489-068'),(295,'Xiapu','0071-0222'),(296,'Malibago','43526-101'),(297,'Ráječko','45802-910'),(298,'Barwałd Średni','36987-2867'),(299,'Shuidong','11673-311'),(300,'Fosca','0338-6308'),(301,'Lansing','54575-319'),(302,'Schœlcher','16571-330'),(303,'Lurugan','0187-0792'),(304,'Bang Bo District','43948-1101'),(305,'Mandal','36987-2918'),(306,'Bogorejo','35356-777'),(307,'Maevatanana','43857-0112'),(308,'Saint-Leu-la-Forêt','0268-1029'),(309,'Ligang','0115-0691'),(310,'Lakkíon','59779-969'),(311,'Tochio-honchō','54575-104'),(312,'Yakymivka','52959-410'),(313,'Pedraza La Vieja','66582-414'),(314,'Dostoyevka','49349-903'),(315,'Angra dos Reis','53499-0094'),(316,'Tulay na Lupa','50382-003'),(317,'Semuda','50436-6753'),(318,'Onsŏng','48951-8206'),(319,'Lyubashivka','13668-006'),(320,'Itatskiy','53329-642'),(321,'Sadabumi','0113-0884'),(322,'Nifuboko','13537-513'),(323,'Tilmi','64406-015'),(324,'Pombal','10631-115'),(325,'Limoges','41520-145'),(326,'Fuchun','50181-0010'),(327,'Koronowo','0078-0248'),(328,'Heshan','68151-1438'),(329,'Taytayan','24338-320'),(330,'Sabang','61380-311'),(331,'Olivia','0268-0623'),(332,'Atar','0093-0314'),(333,'Iligan City','0703-9514'),(334,'Mabu','55315-559'),(335,'Jiaoyang','0781-5937'),(336,'Shakhtars’k','0228-3262'),(337,'Cadiz','63941-242'),(338,'Corroios','67777-121'),(339,'Houmt Souk','61727-333'),(340,'Tambakromo','49643-419'),(341,'Sâmraông','0268-6677'),(342,'Sączów','0378-5005'),(343,'Lagoa Seca','42291-805'),(344,'San Vicente','61958-1101'),(345,'Urrô','11673-255'),(346,'Montpellier','30142-230'),(347,'Đoan Hùng','63323-387'),(348,'Būr Safājah','30142-424'),(349,'Lapachito','21695-377'),(350,'Kowale','52125-353'),(351,'Nariño','50021-304'),(352,'Di Linh','0093-0073'),(353,'Johor Bahru','55154-6343'),(354,'Umanday Centro','44009-802'),(355,'Richmond','0085-1334'),(356,'la Massana','49371-037'),(357,'Boshof','50383-959'),(358,'Stubno','51531-9480'),(359,'Bangbayang Kaler','0615-3512'),(360,'Cumedak','43063-415'),(361,'Moriguchi','43742-0302'),(362,'Xinhua','75936-121'),(363,'Fengshan','54973-2905'),(364,'Pedroso','59630-629'),(365,'Trondheim','67253-943'),(366,'Sarongan','52584-042'),(367,'Yaypan','49999-885'),(368,'Sambir','51009-001'),(369,'Lisewo Malborskie','12634-531'),(370,'Puyang','60512-1032'),(371,'Miedzichowo','12488-2000'),(372,'Richmond','36987-1854'),(373,'Pasarnangka','75977-8149'),(374,'Benešov','63029-302'),(375,'Utarapasar','54575-916'),(376,'Basail','57955-0064'),(377,'Huajie','35356-905'),(378,'Nizhnyaya Salda','55154-4604'),(379,'Cavaillon','54868-5538'),(380,'Gaoxing','58118-2116'),(381,'Qingshan','10755-015'),(382,'San Miguel Chicaj','0781-5125'),(383,'Famaillá','44911-0047'),(384,'Costa Nova do Prado','43979-439'),(385,'Nyurba','53499-2872'),(386,'Laojunpo','10578-040'),(387,'Jatisari','40104-811'),(388,'Unquillo','37808-470'),(389,'Rajapeni','11822-0499'),(390,'Medzhibozh','0440-7244'),(391,'Ijuw','54868-4630'),(392,'Noen Maprang','53240-151'),(393,'Bayantal','21130-391'),(394,'Boise','60512-6448'),(395,'Anping','49884-019'),(396,'Evansville','0527-1704'),(397,'Baška Voda','64778-0215'),(398,'Miragaia','48951-1148'),(399,'Okayama-shi','0143-9724'),(400,'Zhongxing','0185-0128'),(401,'Kemijärvi','55319-101'),(402,'Włosienica','30142-050'),(403,'Lagoa','62257-783'),(404,'Ridder','54868-5622'),(405,'Chefchaouene','13537-003'),(406,'Chenyang','68084-342'),(407,'Kalmar','76159-345'),(408,'Sivers’k','11716-0103'),(409,'Novhorod-Sivers’kyy','59779-327'),(410,'Albert Town','11673-675'),(411,'Kavýli','50474-597'),(412,'Yelets','68306-105'),(413,'Walenrang','41250-309'),(414,'Saddina','0781-1228'),(415,'Dalai','52125-332'),(416,'Srinagarindra','59078-003'),(417,'Mao’er','0135-0555'),(418,'Qiaolin','0781-5526'),(419,'Malko Tŭrnovo','60512-8025'),(420,'Kiszkowo','64725-6044'),(421,'Luowan','57520-0271'),(422,'Novoarkhanhel’s’k','16590-767'),(423,'Nice','10191-1361'),(424,'Ryczywół','42291-655'),(425,'Nakhon Pathom','52747-902'),(426,'Hukeng','54868-4563'),(427,'Vaggeryd','55154-4427'),(428,'Mahaica Village','10812-509'),(429,'Jingzhou','51079-284'),(430,'Khrenovoye','0074-3368'),(431,'Opinogóra Górna','54868-5900'),(432,'Ketapang','42953-002'),(433,'Machala','65954-584'),(434,'San Pedro Carchá','53746-271'),(435,'Pedro Leopoldo','55301-004'),(436,'Las Piñas','54569-5759'),(437,'Qarqīn','10122-326'),(438,'Baiyinnuole','36987-2174'),(439,'Las Vegas','60429-172'),(440,'Bang Klam','30142-226'),(441,'Slatina','64725-0772'),(442,'Changjiang','0173-0824'),(443,'Khinjān','63824-456'),(444,'Semibratovo','58118-1342'),(445,'Xinjie','67296-0105'),(446,'Xiqiao','43853-0007'),(447,'Plesná','51393-7112'),(448,'Golema Rečica','64679-810'),(449,'Kuripan','0113-0829'),(450,'Metulla','13537-503'),(451,'Cibaregbeg Dua','50066-080'),(452,'Depok','57297-205'),(453,'Yanshang','63629-4578'),(454,'Los Rastrojos','62756-701'),(455,'Capâo Bonito','0074-4380'),(456,'Uthal','10147-0922'),(457,'Villa Bustos','43598-331'),(458,'Xikou','11673-656'),(459,'Hoolt','64896-672'),(460,'Torrão','0409-6533'),(461,'Chigang','63868-257'),(462,'Annecy','50169-0006'),(463,'Ngou','33342-020'),(464,'Luyang','36800-463'),(465,'Pechora','62756-633'),(466,'Padova','25021-129'),(467,'Kristiansand S','54973-5230'),(468,'Khorixas','58407-125'),(469,'Fier-Çifçi','15054-0060'),(470,'Liulihe','55154-4747'),(471,'El Tambo','36987-1922'),(472,'Mełgiew','44087-9005'),(473,'Narva-Jõesuu','17139-613'),(474,'Diepsloot','60505-2876'),(475,'Извор','59779-704'),(476,'Az Zulfi','63739-802'),(477,'Chiba','59535-4201'),(478,'Lourdes','13668-339'),(479,'Kitchener','35356-525'),(480,'Sukolilo','52862-005'),(481,'Shakhty','11410-812'),(482,'Yumendong','54868-6269'),(483,'Ilinden','43406-0127'),(484,'Yasothon','45802-974'),(485,'Aipe','13537-422'),(486,'Bang Sao Thong','66467-3790'),(487,'Fort Wayne','48951-9050'),(488,'Cikembar','43063-422'),(489,'Celje','24236-418'),(490,'Weiyuankou','58118-0692'),(491,'Barubandung','0904-0734'),(492,'Tucurú','99207-240'),(493,'Penticton','56062-282'),(494,'Kaeng Khoi','63739-575'),(495,'Parung','42291-625'),(496,'Lianokládhion','0378-6233'),(497,'San José','51670-100'),(498,'Santo Domingo','0536-4086'),(499,'Houbai','42549-511'),(500,'Dukoh','49668-001'),(501,'Huanuco','10001'),(502,'Huanuco','10001');
/*!40000 ALTER TABLE `dept` ENABLE KEYS */;
UNLOCK TABLES;

--
-- Table structure for table `emp`
--

DROP TABLE IF EXISTS `emp`;
/*!40101 SET @saved_cs_client     = @@character_set_client */;
/*!50503 SET character_set_client = utf8mb4 */;
CREATE TABLE `emp` (
  `Emp_No` int NOT NULL,
  `Apellido` varchar(45) CHARACTER SET latin1 NOT NULL,
  `Oficio` varchar(100) NOT NULL,
  `Dir` varchar(45) CHARACTER SET latin1 NOT NULL,
  `Fecha_Alt` date NOT NULL,
  `Salario` decimal(10,2) NOT NULL,
  `Comision` decimal(10,2) NOT NULL,
  `Dept_No` int NOT NULL,
  PRIMARY KEY (`Emp_No`),
  UNIQUE KEY `Emp_No_UNIQUE` (`Emp_No`)
) ENGINE=InnoDB DEFAULT CHARSET=latin2;
/*!40101 SET character_set_client = @saved_cs_client */;

--
-- Dumping data for table `emp`
--

LOCK TABLES `emp` WRITE;
/*!40000 ALTER TABLE `emp` DISABLE KEYS */;
INSERT INTO `emp` VALUES (1,'Wroth','Staff Scientist','77103 Schiller Parkway','2017-04-20',3396.00,122.00,26),(2,'Raubenheimer','Software Test Engineer IV','70684 Randy Hill','2016-06-02',1418.00,233.00,22),(3,'Hebburn','Professor','005 North Junction','2019-10-17',630.00,122.00,5),(4,'Beedham','Teacher','862 East Hill','2020-06-03',3083.00,235.00,4),(5,'Gilardengo','Desktop Support Technician','734 Golden Leaf Center','2017-01-28',1030.00,146.00,6),(6,'Ind','Compensation Analyst','302 Tomscot Hill','2022-10-08',3982.00,117.00,14),(7,'Hauger','Health Coach II','498 Coolidge Circle','2020-06-08',1997.00,223.00,15),(8,'Balling','Senior Sales Associate','867 Transport Parkway','2022-08-12',616.00,223.00,30),(9,'Ridewood','VP Accounting','0 Northwestern Court','2018-05-21',2365.00,123.00,1),(10,'Lobley','Occupational Therapist','479 Morningstar Avenue','2017-03-02',1946.00,102.00,23),(11,'Tasch','Research Nurse','96 Merry Center','2020-01-25',3020.00,175.00,13),(12,'Siely','Programmer I','418 Carioca Lane','2022-01-12',3019.00,213.00,25),(13,'Macak','Payment Adjustment Coordinator','2 Doe Crossing Drive','2015-12-20',3856.00,287.00,8),(14,'Gotch','Teacher','8778 Spohn Point','2020-12-09',3739.00,158.00,5),(15,'Futter','Programmer Analyst IV','94054 North Point','2020-11-24',1980.00,202.00,14),(16,'Stote','Senior Cost Accountant','17 Stang Plaza','2020-04-08',2931.00,128.00,17),(17,'Gillivrie','Dental Hygienist','24 Dapin Drive','2020-05-24',1298.00,162.00,9),(18,'Yesson','Senior Cost Accountant','7559 Tomscot Plaza','2016-09-13',2650.00,284.00,16),(19,'Day','Payment Adjustment Coordinator','64058 Bayside Crossing','2016-12-24',865.00,110.00,27),(20,'Harrild','Tax Accountant','69295 Kinsman Pass','2017-06-17',2204.00,229.00,28),(21,'Gregr','Account Executive','9120 Summit Alley','2019-12-04',2769.00,106.00,12),(22,'Cluitt','Cost Accountant','16658 Moose Hill','2019-11-04',2150.00,182.00,3),(23,'Fairtlough','Staff Accountant IV','123 Helena Terrace','2021-10-15',565.00,230.00,11),(24,'Farthin','Account Representative III','55 Buhler Pass','2021-07-07',1523.00,101.00,26),(25,'Duiguid','Paralegal','3 Dottie Avenue','2016-05-13',3482.00,205.00,7),(26,'Geekie','Programmer Analyst III','72370 Gina Pass','2019-04-11',1615.00,167.00,25),(27,'Medhurst','Senior Quality Engineer','482 Eagan Pass','2020-09-26',1608.00,176.00,26),(28,'Karolowski','Health Coach I','48541 Reindahl Circle','2020-03-26',2909.00,232.00,2),(29,'Divill','Compensation Analyst','84423 Welch Trail','2020-04-28',2721.00,134.00,5),(30,'Tall','Business Systems Development Analyst','629 5th Way','2018-02-23',3932.00,237.00,25),(31,'Goublier','Business Systems Development Analyst','48661 Di Loreto Pass','2021-08-04',3949.00,286.00,6),(32,'Trevaskiss','Web Designer III','995 Hanson Park','2018-07-17',2911.00,271.00,13),(33,'Lodin','Nurse Practicioner','40 Hazelcrest Hill','2016-09-08',1416.00,229.00,4),(34,'Clougher','Structural Engineer','6 Luster Lane','2021-11-28',617.00,102.00,1),(35,'Wraighte','Librarian','95262 Goodland Lane','2021-06-02',1103.00,287.00,21),(36,'Letten','Assistant Media Planner','05507 Bonner Court','2017-11-14',2343.00,277.00,1),(37,'Barge','Budget/Accounting Analyst IV','1525 Scofield Alley','2018-05-10',2011.00,169.00,19),(38,'Ensley','Senior Sales Associate','13 Sheridan Hill','2022-06-29',1612.00,134.00,25),(39,'Malcolmson','Biostatistician III','13 Moose Lane','2020-03-13',1834.00,174.00,11),(40,'Suermeiers','Senior Quality Engineer','5883 Tomscot Way','2016-07-12',3779.00,198.00,16),(41,'Renne','Quality Engineer','49 Norway Maple Road','2019-12-16',1583.00,188.00,13),(42,'Mayor','Desktop Support Technician','2063 Union Hill','2019-08-10',2052.00,152.00,30),(43,'Nazair','Senior Editor','9288 Commercial Avenue','2016-12-08',3887.00,247.00,4),(44,'Cowap','Senior Developer','42 Scofield Drive','2016-10-15',2800.00,166.00,27),(45,'Skate','Statistician I','3168 Larry Center','2016-12-14',1773.00,297.00,24),(46,'Vannozzii','Compensation Analyst','446 Oak Point','2016-02-22',3053.00,167.00,18),(47,'Gleadle','Marketing Manager','21273 Butternut Parkway','2022-10-03',2564.00,123.00,17),(48,'Hartford','Dental Hygienist','25 Sloan Pass','2020-09-22',1870.00,145.00,19),(49,'Clayal','Biostatistician I','562 Sheridan Alley','2019-05-01',2603.00,183.00,8),(50,'Thridgould','Assistant Media Planner','99 Starling Trail','2017-05-09',2811.00,268.00,26),(51,'Symon','Structural Analysis Engineer','62638 Kedzie Way','2019-01-14',1187.00,135.00,7),(52,'Bachelar','Editor','920 Oak Alley','2022-01-26',2608.00,125.00,8),(53,'Buckenhill','Structural Engineer','43 New Castle Avenue','2021-07-30',3502.00,213.00,7),(54,'Sermin','Staff Accountant II','60246 Beilfuss Drive','2022-03-31',3494.00,227.00,6),(55,'Brereton','Nuclear Power Engineer','757 Manley Lane','2015-12-10',3748.00,259.00,10),(56,'Julyan','Graphic Designer','64597 Saint Paul Parkway','2022-07-06',2362.00,200.00,13),(57,'Gramer','Accountant II','999 Kropf Avenue','2020-11-02',3662.00,115.00,23),(58,'Lamborn','Desktop Support Technician','52 Basil Lane','2019-05-14',681.00,205.00,15),(59,'Benmore','Research Associate','847 Melrose Point','2020-08-30',2132.00,139.00,18),(60,'Maffini','Speech Pathologist','51484 Rieder Terrace','2018-05-10',3147.00,184.00,3),(61,'Dowdney','Web Designer I','67 Jackson Alley','2021-02-27',767.00,289.00,25),(62,'Polglase','Environmental Tech','7 Lakewood Way','2021-10-26',1309.00,116.00,10),(63,'Ryding','Health Coach III','9193 Dakota Trail','2019-11-11',1503.00,176.00,1),(64,'Lonergan','Nuclear Power Engineer','821 Loftsgordon Place','2016-04-17',618.00,124.00,27),(65,'Alger','Marketing Manager','0741 Schiller Point','2020-04-25',677.00,191.00,15),(66,'Carnalan','Systems Administrator IV','86 Bay Center','2018-08-26',1274.00,192.00,17),(67,'Duguid','Administrative Assistant II','6 Truax Center','2016-07-19',583.00,177.00,12),(68,'Shurlock','Quality Engineer','1930 Sachs Place','2020-07-23',1175.00,273.00,23),(69,'Licence','Mechanical Systems Engineer','689 Everett Drive','2020-06-21',2539.00,127.00,22),(70,'Kienl','Electrical Engineer','4290 Corben Court','2017-07-23',592.00,114.00,15),(71,'Banaszkiewicz','Junior Executive','9482 Lillian Court','2016-03-04',1527.00,272.00,13),(72,'MacGibbon','Project Manager','6575 Namekagon Avenue','2018-03-29',2315.00,103.00,28),(73,'Cheeney','Office Assistant II','72083 Park Meadow Parkway','2016-02-20',662.00,131.00,14),(74,'Hinrichs','Health Coach IV','34 Lien Drive','2017-06-24',557.00,193.00,25),(75,'Gooly','Nuclear Power Engineer','0084 Trailsway Place','2017-05-17',765.00,140.00,4),(76,'Verdie','Accounting Assistant IV','64720 Division Plaza','2020-01-10',3894.00,237.00,5),(77,'Stillmann','Financial Analyst','7 Eggendart Junction','2015-12-19',1441.00,285.00,4),(78,'Murcott','Legal Assistant','79551 Oak Valley Circle','2016-10-07',609.00,292.00,24),(79,'Morfield','Office Assistant III','571 Emmet Drive','2016-09-09',1315.00,144.00,30),(80,'Filippozzi','Nurse Practicioner','611 Lotheville Plaza','2019-04-22',1765.00,140.00,17),(81,'Mardell','Desktop Support Technician','0 Vidon Way','2022-09-21',620.00,249.00,25),(82,'Roselli','Compensation Analyst','64065 Warner Parkway','2017-10-01',731.00,108.00,2),(83,'Tetlow','VP Product Management','463 Beilfuss Trail','2022-08-02',1842.00,121.00,2),(84,'Budden','Information Systems Manager','586 International Junction','2017-01-22',3550.00,232.00,27),(85,'Antonovic','Geological Engineer','6 Hanson Junction','2018-04-11',946.00,242.00,3),(86,'Tomadoni','Senior Quality Engineer','5 Heath Parkway','2020-11-22',1933.00,247.00,4),(87,'Segge','Compensation Analyst','0680 Pawling Avenue','2021-03-29',2461.00,236.00,17),(88,'Ruthen','Help Desk Technician','91 Elka Way','2016-03-03',3342.00,229.00,22),(89,'Verralls','Business Systems Development Analyst','64681 Heffernan Hill','2016-01-09',612.00,116.00,13),(90,'Abramin','Accountant I','978 Mccormick Pass','2017-10-12',2838.00,208.00,21),(91,'Adne','Quality Engineer','341 Saint Paul Park','2017-02-09',2409.00,262.00,30),(92,'Semkins','Software Engineer I','717 Carberry Terrace','2018-08-02',2934.00,223.00,19),(93,'Murtell','Senior Developer','04 Texas Avenue','2021-10-18',3204.00,140.00,18),(94,'Rodinger','Legal Assistant','55423 Heffernan Pass','2017-06-12',1059.00,139.00,27),(95,'Saunderson','Design Engineer','728 Dakota Court','2019-08-30',1213.00,238.00,9),(96,'Lufkin','Database Administrator II','37718 Service Center','2020-01-22',2236.00,179.00,16),(97,'Wilcockes','Engineer III','3368 Pawling Court','2019-07-25',1207.00,120.00,7),(98,'Rozenbaum','Assistant Manager','30610 Burning Wood Drive','2022-09-22',3273.00,298.00,10),(99,'Moggle','Office Assistant II','9226 Maywood Avenue','2019-06-11',3825.00,144.00,24),(100,'Yeell','Chemical Engineer','9 Summer Ridge Alley','2022-07-23',2796.00,133.00,24),(101,'De La Cote','Structural Analysis Engineer','930 Corben Plaza','2018-11-07',3509.00,113.00,11),(102,'Lanceter','Marketing Assistant','5 Summit Court','2022-04-01',2184.00,228.00,5),(103,'Malimoe','Web Designer II','84070 Lake View Pass','2020-08-21',3067.00,241.00,20),(104,'Woodyeare','Teacher','7 Fair Oaks Trail','2021-05-15',3834.00,163.00,15),(105,'Drinkhall','Structural Analysis Engineer','62 Anderson Terrace','2018-11-26',1286.00,106.00,7),(106,'Meijer','Tax Accountant','996 Judy Parkway','2021-02-13',1307.00,244.00,26),(107,'Bramo','Pharmacist','239 Pierstorff Park','2021-06-26',2285.00,186.00,22),(108,'Enric','Systems Administrator II','2646 Mesta Junction','2017-09-02',2671.00,264.00,18),(109,'Kenefick','Account Coordinator','50 Colorado Center','2018-01-05',1220.00,138.00,5),(110,'Laxe','Nurse','54 Mayer Pass','2017-09-03',663.00,125.00,24),(111,'Costigan','Professor','72711 Grim Avenue','2016-08-22',750.00,165.00,6),(112,'Duesberry','Clinical Specialist','8918 Bartelt Place','2019-05-24',592.00,115.00,15),(113,'Alu','Quality Control Specialist','2788 Trailsway Crossing','2016-05-10',2659.00,105.00,7),(114,'Alexsandrovich','Clinical Specialist','2284 Rowland Street','2021-09-07',2187.00,276.00,10),(115,'Aickin','Actuary','8445 Green Alley','2021-07-25',846.00,115.00,13),(116,'Laurencot','Senior Cost Accountant','7344 Di Loreto Pass','2021-09-02',3786.00,128.00,28),(117,'Schimke','Sales Associate','7208 Moulton Alley','2017-03-02',864.00,125.00,2),(118,'Poulston','Developer III','631 Northridge Pass','2019-08-23',2450.00,270.00,30),(119,'Valadez','Chemical Engineer','29748 Redwing Trail','2020-05-26',1086.00,274.00,21),(120,'Heinig','Web Developer III','2 Onsgard Circle','2016-02-13',2142.00,150.00,1),(121,'Barkess','Assistant Professor','803 Shoshone Plaza','2016-06-25',2355.00,230.00,27),(122,'Gulley','Civil Engineer','5 Thierer Hill','2018-02-11',2832.00,194.00,29),(123,'Nix','Quality Control Specialist','5459 Alpine Center','2018-03-02',2720.00,196.00,4),(124,'Buffey','Assistant Professor','26821 Elka Parkway','2021-03-15',838.00,220.00,14),(125,'Hanselmann','Staff Scientist','2 Homewood Parkway','2016-10-23',2463.00,199.00,17),(126,'Muschette','Sales Representative','9 Ludington Trail','2019-12-26',1023.00,262.00,28),(127,'Morlon','Office Assistant I','83 Alpine Drive','2021-07-05',3278.00,249.00,21),(128,'Chominski','Information Systems Manager','40454 Sullivan Center','2022-09-21',3984.00,286.00,22),(129,'Petrozzi','Internal Auditor','7 Killdeer Parkway','2018-09-22',581.00,171.00,3),(130,'Crichten','Information Systems Manager','29 Carey Parkway','2019-02-04',3152.00,283.00,23),(131,'Stannering','Chemical Engineer','12107 Park Meadow Parkway','2017-04-29',2361.00,190.00,24),(132,'Jaynes','Automation Specialist I','129 Corry Drive','2022-09-23',2120.00,167.00,21),(133,'Godsal','Dental Hygienist','6 Armistice Center','2016-09-25',3637.00,260.00,23),(134,'Govan','Food Chemist','43033 Onsgard Avenue','2021-04-20',3542.00,139.00,27),(135,'Bellamy','Programmer Analyst II','2527 Old Shore Alley','2017-11-07',2011.00,153.00,9),(136,'Allanby','Biostatistician II','10 Schmedeman Drive','2018-11-20',2432.00,122.00,24),(137,'Belliss','Research Assistant III','7 Crownhardt Lane','2021-05-10',2589.00,269.00,20),(138,'Wrigglesworth','Information Systems Manager','47460 Northfield Pass','2021-04-06',597.00,257.00,4),(139,'Gilberthorpe','Paralegal','8660 Dennis Lane','2019-03-21',3855.00,171.00,3),(140,'Myrick','Account Representative II','4183 Summit Hill','2019-06-13',3592.00,176.00,20),(141,'Thorlby','General Manager','468 Banding Hill','2022-08-26',1194.00,268.00,25),(142,'Kiloh','Senior Financial Analyst','46391 Little Fleur Terrace','2017-03-21',3798.00,176.00,25),(143,'Roydon','Electrical Engineer','50656 Namekagon Hill','2018-05-21',3244.00,132.00,11),(144,'Crawley','Chief Design Engineer','0680 East Way','2018-04-15',2308.00,259.00,23),(145,'Lafrentz','Account Coordinator','23854 Blue Bill Park Avenue','2019-04-02',1798.00,167.00,10),(146,'Greedyer','Physical Therapy Assistant','0 Manufacturers Plaza','2019-12-19',3971.00,130.00,8),(147,'Comberbach','Mechanical Systems Engineer','24968 Morning Road','2017-12-05',3317.00,285.00,20),(148,'Frear','Administrative Officer','5 Lindbergh Parkway','2021-01-07',1209.00,236.00,18),(149,'Domokos','Structural Analysis Engineer','99 Prairie Rose Point','2022-07-28',2169.00,163.00,2),(150,'Gadie','Marketing Manager','818 Mifflin Crossing','2017-01-20',3311.00,148.00,5),(151,'Hards','Chemical Engineer','8813 Forster Center','2021-08-22',836.00,212.00,4),(152,'Edlyn','Nurse Practicioner','879 Banding Hill','2016-12-31',1032.00,215.00,8),(153,'MacLise','VP Product Management','36250 Caliangt Park','2021-01-28',1369.00,226.00,5),(154,'Banyard','Cost Accountant','0 Blaine Park','2019-02-22',3493.00,248.00,26),(155,'Croll','Registered Nurse','69 Saint Paul Trail','2019-12-16',865.00,295.00,3),(156,'Scougal','Environmental Specialist','7 Center Hill','2021-05-06',2265.00,202.00,1),(157,'Vlasenko','Structural Engineer','4824 Sommers Terrace','2016-04-18',1063.00,278.00,22),(158,'Hartland','Account Coordinator','87 Old Gate Way','2017-11-22',2153.00,230.00,4),(159,'Norwell','Accountant IV','54567 Pond Terrace','2018-03-25',3269.00,139.00,13),(160,'Petroff','Technical Writer','6263 Talisman Avenue','2016-07-24',2771.00,112.00,23),(161,'Lippard','Food Chemist','4 Ohio Pass','2022-09-04',762.00,153.00,13),(162,'Hulbert','Senior Quality Engineer','4679 Schurz Parkway','2022-07-20',1039.00,255.00,12),(163,'Rannald','Human Resources Manager','169 Manley Terrace','2016-07-21',679.00,214.00,8),(164,'Haysham','Nurse','47 Burning Wood Drive','2016-05-08',1555.00,226.00,10),(165,'Sword','Compensation Analyst','56793 Carpenter Pass','2021-09-17',1229.00,199.00,5),(166,'Bleasdale','Account Coordinator','649 Golden Leaf Center','2016-03-07',928.00,117.00,23),(167,'Cornil','Office Assistant II','59029 Carpenter Avenue','2016-07-21',1005.00,263.00,18),(168,'McKibbin','Speech Pathologist','98 Moulton Hill','2022-10-26',1210.00,155.00,10),(169,'Mullan','Web Designer II','24 East Terrace','2019-08-31',3584.00,264.00,26),(170,'Uvedale','Geologist II','0987 Meadow Ridge Plaza','2020-08-08',1056.00,283.00,20),(171,'Durrington','Assistant Manager','980 Ruskin Street','2020-04-02',3372.00,272.00,28),(172,'Bamfield','Community Outreach Specialist','4 Gina Junction','2016-02-20',3753.00,180.00,11),(173,'McGeachie','Librarian','30980 Bunker Hill Circle','2022-12-02',2295.00,259.00,28),(174,'Tomenson','Legal Assistant','0541 Montana Terrace','2016-09-25',1866.00,292.00,26),(175,'Goldstein','Account Representative I','471 Thierer Parkway','2022-08-19',819.00,202.00,23),(176,'Hulett','Tax Accountant','8528 Hansons Pass','2018-05-31',722.00,118.00,15),(177,'Bolderoe','Social Worker','9633 5th Point','2022-09-14',534.00,119.00,7),(178,'Foakes','Engineer IV','74868 Forest Dale Way','2017-10-20',2031.00,201.00,1),(179,'Richfield','Sales Representative','36001 Mcguire Plaza','2019-09-09',3147.00,159.00,29),(180,'Hartwright','Media Manager IV','0 Stone Corner Point','2016-01-30',3898.00,291.00,24),(181,'Huggons','Geologist II','8296 Nova Drive','2018-08-05',3008.00,206.00,19),(182,'Della Scala','Payment Adjustment Coordinator','7499 Stephen Point','2017-01-09',1716.00,257.00,10),(183,'De Bernardi','Recruiter','8 Corry Circle','2016-04-16',1005.00,121.00,26),(184,'Shovelton','Structural Analysis Engineer','33694 Anzinger Point','2021-06-14',2299.00,295.00,27),(185,'Esley','Staff Accountant III','72 Tomscot Center','2016-02-28',1959.00,148.00,8),(186,'Torresi','Financial Advisor','3699 Anniversary Lane','2016-01-14',2210.00,281.00,9),(187,'MacGauhy','Programmer Analyst I','0 Anniversary Trail','2020-10-25',2329.00,151.00,16),(188,'Hoofe','Human Resources Assistant I','520 Harbort Pass','2017-01-12',1308.00,181.00,23),(189,'Esch','Community Outreach Specialist','72985 Dahle Pass','2016-01-11',2161.00,296.00,30),(190,'Spurdens','Desktop Support Technician','35834 Monica Road','2020-11-09',2191.00,232.00,29),(191,'Rottery','Administrative Assistant I','9 Straubel Junction','2016-06-16',2814.00,298.00,19),(192,'Bumpus','Quality Control Specialist','5109 Pennsylvania Drive','2022-04-23',1275.00,227.00,4),(193,'Mutton','Automation Specialist II','07069 Prairieview Avenue','2022-05-04',884.00,130.00,3),(194,'McGeoch','Staff Accountant III','32644 Cody Street','2020-09-01',1274.00,278.00,4),(195,'Yegorovnin','Geologist IV','8 Ilene Point','2020-06-22',852.00,204.00,10),(196,'Gathwaite','Clinical Specialist','9189 Green Place','2016-08-17',2248.00,294.00,4),(197,'Guirard','General Manager','205 Jana Drive','2022-01-04',2324.00,132.00,13),(198,'Bernadon','Nurse','19793 Del Sol Avenue','2022-01-08',584.00,209.00,29),(199,'Foss','Actuary','5 Magdeline Circle','2019-11-05',725.00,292.00,8),(200,'Portam','Dental Hygienist','7732 Calypso Park','2020-08-23',2442.00,240.00,22),(201,'Erdes','VP Sales','089 Oriole Hill','2016-03-12',1779.00,182.00,1),(202,'Jerrans','Human Resources Assistant II','03480 Scofield Junction','2016-01-21',1137.00,247.00,8),(203,'Buffery','Clinical Specialist','6 Kennedy Center','2016-01-28',2804.00,256.00,3),(204,'Colliss','Nurse Practicioner','0 Service Crossing','2019-01-10',1928.00,120.00,5),(205,'Jurewicz','Quality Control Specialist','350 Thompson Center','2018-05-27',1649.00,188.00,24),(206,'Flewitt','Teacher','801 Donald Road','2017-10-14',1301.00,117.00,8),(207,'Brendeke','Assistant Professor','92856 Farwell Center','2022-08-10',3313.00,177.00,2),(208,'Scapelhorn','Automation Specialist I','2 Elmside Court','2018-08-23',509.00,253.00,11),(209,'Idney','Operator','523 Schiller Parkway','2017-12-30',1344.00,283.00,3),(210,'Mille','Payment Adjustment Coordinator','0816 Luster Point','2022-01-09',1835.00,248.00,1),(211,'Dinis','Software Test Engineer III','98342 American Ash Trail','2016-07-23',2355.00,291.00,20),(212,'Colerick','Clinical Specialist','15838 Ridgeway Point','2018-02-12',1839.00,252.00,24),(213,'Willsmore','Associate Professor','57 Parkside Street','2022-08-01',3599.00,154.00,29),(214,'Brownsall','Software Engineer II','99 Jenifer Park','2022-10-05',3114.00,144.00,8),(215,'Yoxall','Tax Accountant','829 Holmberg Road','2020-06-12',517.00,289.00,25),(216,'Hariot','Civil Engineer','78 Crescent Oaks Circle','2021-06-24',2169.00,173.00,2),(217,'O\'Henehan','Legal Assistant','01 Rieder Alley','2017-03-19',1973.00,236.00,15),(218,'Punchard','Software Engineer III','3 Evergreen Alley','2019-09-29',2824.00,159.00,17),(219,'Blockley','Nurse','7 Loeprich Way','2019-08-03',2536.00,125.00,2),(220,'Wale','Sales Associate','39007 Forest Dale Street','2022-02-21',2485.00,228.00,2),(221,'Obispo','GIS Technical Architect','3399 Pawling Court','2016-06-11',1992.00,176.00,20),(222,'Kinkead','Accounting Assistant II','18187 Scoville Road','2019-09-09',3956.00,199.00,22),(223,'Chetham','Chemical Engineer','71577 Summit Terrace','2018-03-07',3244.00,164.00,14),(224,'Wordesworth','Administrative Assistant I','8 Judy Drive','2016-07-30',2949.00,228.00,11),(225,'Windybank','Statistician IV','0878 Jackson Center','2016-07-21',3756.00,222.00,21),(226,'Sivyour','Project Manager','7008 Daystar Place','2020-11-07',668.00,207.00,23),(227,'Powling','Engineer II','0663 Fuller Road','2017-02-19',1968.00,269.00,27),(228,'Petchell','Clinical Specialist','147 Basil Junction','2017-08-20',3883.00,259.00,13),(229,'Morrad','Clinical Specialist','2 Kipling Park','2022-04-04',2551.00,129.00,2),(230,'Ithell','Clinical Specialist','5 Forster Parkway','2016-11-08',1817.00,291.00,21),(231,'Sellwood','Automation Specialist II','119 Karstens Point','2018-09-24',2996.00,170.00,21),(232,'Ablett','Operator','519 Charing Cross Lane','2016-02-03',3984.00,168.00,3),(233,'Blewis','Electrical Engineer','4759 Thierer Court','2021-02-22',2593.00,163.00,9),(234,'Mitcheson','Database Administrator IV','2554 Merry Parkway','2020-09-13',3907.00,218.00,18),(235,'Geockle','Information Systems Manager','18 Claremont Drive','2018-11-22',1109.00,128.00,23),(236,'Harfoot','Analyst Programmer','83279 Anderson Alley','2020-08-27',1346.00,190.00,17),(237,'Sizey','Recruiter','7 Sachtjen Pass','2018-07-08',3443.00,154.00,6),(238,'Streat','Associate Professor','1 Kropf Point','2021-07-15',1658.00,168.00,2),(239,'Swede','Nuclear Power Engineer','8 Cody Avenue','2018-12-01',1583.00,241.00,20),(240,'Vitler','Assistant Professor','3479 Emmet Park','2020-01-23',1295.00,300.00,28),(241,'Messum','Computer Systems Analyst I','8 Pleasure Way','2017-06-08',2233.00,116.00,20),(242,'Redwin','Biostatistician IV','754 Swallow Point','2021-03-04',1893.00,203.00,24),(243,'Dunham','Design Engineer','125 Hoard Street','2021-12-07',1908.00,207.00,16),(244,'Blunn','Research Nurse','9244 Schmedeman Pass','2016-06-11',2130.00,172.00,21),(245,'Bagshaw','Business Systems Development Analyst','34176 Melody Street','2021-07-22',1741.00,136.00,23),(246,'Caskey','Compensation Analyst','98023 Miller Avenue','2019-07-28',1295.00,295.00,5),(247,'Novacek','Staff Scientist','3912 Del Sol Center','2019-01-26',2538.00,182.00,27),(248,'Schimoni','Software Engineer IV','28 Killdeer Center','2022-08-31',943.00,194.00,25),(249,'Davidwitz','Pharmacist','75888 Northwestern Way','2016-01-18',2743.00,245.00,9),(250,'Skarr','Statistician IV','9611 Welch Pass','2021-08-07',1278.00,171.00,29),(251,'Briffett','Senior Financial Analyst','7619 Green Ridge Pass','2016-03-10',1844.00,267.00,9),(252,'McGrah','Teacher','3318 Jackson Court','2019-07-03',1783.00,266.00,24),(253,'Birtley','Human Resources Manager','7 Hanover Pass','2018-05-10',2633.00,287.00,5),(254,'Jorat','Compensation Analyst','5 Leroy Street','2020-05-31',2973.00,201.00,4),(255,'Hallowes','Analog Circuit Design manager','1866 Bartillon Alley','2016-01-31',3110.00,257.00,10),(256,'Laughtisse','Administrative Assistant II','50 Ramsey Park','2022-03-16',3860.00,171.00,14),(257,'O\'Shesnan','Financial Advisor','57096 Dovetail Lane','2019-02-26',2523.00,248.00,30),(258,'Pavlik','Tax Accountant','172 Myrtle Park','2016-06-29',3168.00,175.00,17),(259,'Towe','Account Coordinator','97551 Helena Crossing','2017-01-04',2198.00,296.00,16),(260,'Clubb','Assistant Media Planner','57 Parkside Drive','2017-03-15',3119.00,129.00,7),(261,'Cestard','Programmer II','1 Novick Circle','2018-08-23',2367.00,293.00,3),(262,'Arntzen','Research Assistant IV','41901 Express Pass','2021-09-06',750.00,231.00,6),(263,'Ollive','Budget/Accounting Analyst IV','03858 Grasskamp Court','2022-10-09',2700.00,254.00,3),(264,'Wolfenden','Nurse Practicioner','140 High Crossing Pass','2018-06-18',1016.00,231.00,16),(265,'Flux','Structural Analysis Engineer','049 Melody Terrace','2018-10-29',1017.00,156.00,26),(266,'Cellier','Software Consultant','8256 Redwing Alley','2017-01-27',1120.00,181.00,11),(267,'Kinny','Junior Executive','1604 Maple Wood Court','2018-04-23',2141.00,195.00,27),(268,'Becom','Sales Associate','308 Morning Lane','2021-12-14',2430.00,292.00,6),(269,'Abrahams','Nuclear Power Engineer','90943 Lyons Place','2016-05-16',3089.00,258.00,3),(270,'Yoodall','Systems Administrator IV','141 Petterle Plaza','2017-04-03',3390.00,235.00,13),(271,'Usher','Civil Engineer','01611 Moose Lane','2016-09-01',910.00,252.00,6),(272,'Clyant','Environmental Tech','1940 Claremont Place','2017-04-14',2463.00,245.00,7),(273,'Kunzler','Editor','266 Crownhardt Crossing','2017-02-13',549.00,274.00,18),(274,'Measey','Safety Technician I','20 Granby Crossing','2022-11-12',2036.00,195.00,30),(275,'Lanbertoni','Marketing Manager','06 Loftsgordon Point','2019-05-03',1017.00,112.00,9),(276,'Cattrell','Senior Quality Engineer','7 Ruskin Drive','2019-12-23',3045.00,210.00,22),(277,'Tolliday','Administrative Officer','4789 Becker Street','2020-02-09',1376.00,180.00,28),(278,'Shemwell','VP Sales','76 2nd Trail','2016-07-20',1820.00,210.00,6),(279,'Hallitt','Accountant IV','36 Westridge Way','2022-03-26',2764.00,163.00,26),(280,'Stode','Chief Design Engineer','8 Forster Road','2016-10-09',3250.00,151.00,17),(281,'Mucklo','Data Coordiator','56916 Packers Hill','2020-05-28',1990.00,280.00,19),(282,'Codner','Research Associate','44 Sutherland Way','2017-07-20',920.00,113.00,27),(283,'Winter','Recruiter','940 Bultman Street','2020-06-16',2071.00,262.00,8),(284,'Creedland','Biostatistician III','39 Monument Drive','2017-08-30',2234.00,229.00,6),(285,'Domini','Staff Accountant II','94113 Holmberg Park','2016-10-13',3536.00,193.00,3),(286,'Carmel','Administrative Officer','75 Sugar Avenue','2016-06-10',3210.00,219.00,30),(287,'Nodes','Research Nurse','5 Erie Point','2016-07-12',3017.00,132.00,20),(288,'Goodlife','Speech Pathologist','3 Cherokee Alley','2021-06-29',674.00,118.00,11),(289,'Gloucester','Product Engineer','15 Melby Avenue','2019-02-14',900.00,177.00,9),(290,'Paszak','VP Sales','9 Bluestem Place','2020-05-24',2005.00,114.00,16),(291,'Willey','VP Sales','3262 Ridgeway Pass','2016-07-19',1406.00,287.00,23),(292,'Kuhnt','Occupational Therapist','51 Montana Court','2019-04-16',2680.00,264.00,30),(293,'Sparke','Nurse Practicioner','7795 Towne Avenue','2021-09-02',2019.00,207.00,15),(294,'Blackman','VP Quality Control','7 Ridgeway Crossing','2018-09-23',1672.00,101.00,27),(295,'Runcieman','Product Engineer','5 Killdeer Crossing','2017-01-28',704.00,134.00,17),(296,'Cramp','Help Desk Technician','0 Pierstorff Road','2017-08-23',930.00,282.00,17),(297,'Glander','Staff Accountant IV','44 Sheridan Place','2020-07-06',1577.00,224.00,19),(298,'Tweddle','Food Chemist','3905 Fieldstone Trail','2019-01-24',2553.00,172.00,9),(299,'Curteis','Safety Technician III','50962 Hansons Alley','2022-01-06',1530.00,121.00,1),(300,'Dast','Recruiting Manager','7 Stephen Circle','2020-08-31',2365.00,173.00,30),(301,'Trobey','Statistician III','89 Memorial Street','2017-10-28',2051.00,160.00,2),(302,'Gather','Clinical Specialist','61127 Heffernan Alley','2018-03-28',1851.00,137.00,8),(303,'Le Maitre','Analog Circuit Design manager','296 Daystar Circle','2022-02-06',2244.00,276.00,1),(304,'Caret','Geological Engineer','4 Doe Crossing Place','2016-07-11',2763.00,121.00,30),(305,'Jozwiak','Safety Technician I','9 Sage Terrace','2022-05-19',2366.00,247.00,17),(306,'Skiggs','Analyst Programmer','1 Meadow Vale Parkway','2020-03-11',2505.00,288.00,30),(307,'Busk','Accounting Assistant I','36 Grover Parkway','2016-01-26',1928.00,126.00,30),(308,'Rubens','Geological Engineer','013 Utah Alley','2018-09-16',954.00,248.00,8),(309,'McFarlane','Data Coordiator','33 Sloan Junction','2021-08-17',2254.00,101.00,9),(310,'Lumm','Actuary','8 Dryden Place','2018-11-28',1961.00,279.00,26),(311,'Lowdeane','Financial Advisor','9 Reindahl Place','2022-02-27',1455.00,265.00,15),(312,'Guiducci','GIS Technical Architect','8856 Melody Road','2018-08-19',1875.00,163.00,12),(313,'Dyster','Safety Technician IV','7689 Westport Terrace','2022-08-13',1695.00,177.00,26),(314,'Shorto','Office Assistant I','530 Pennsylvania Park','2020-08-26',2108.00,105.00,11),(315,'Cutchie','VP Quality Control','6791 Bay Avenue','2018-03-15',1022.00,119.00,28),(316,'Blakeden','Director of Sales','342 Heath Crossing','2020-12-24',2355.00,119.00,15),(317,'Sleep','Assistant Media Planner','3399 Logan Circle','2018-09-10',1846.00,299.00,24),(318,'Boatswain','Budget/Accounting Analyst II','1 Knutson Street','2016-06-07',3858.00,223.00,8),(319,'Ruhben','Payment Adjustment Coordinator','04507 Hermina Junction','2022-10-05',3637.00,259.00,29),(320,'Le Marchant','Nurse Practicioner','986 Lighthouse Bay Lane','2019-11-05',1422.00,184.00,21),(321,'Berthelmot','Structural Engineer','6288 Luster Hill','2019-04-05',2569.00,262.00,2),(322,'Lanston','Quality Control Specialist','81066 Northport Crossing','2017-03-05',862.00,174.00,16),(323,'Halsho','Human Resources Manager','44976 Walton Circle','2021-06-15',630.00,244.00,19),(324,'Girauld','Web Designer II','0 Fairfield Junction','2021-11-16',1728.00,291.00,17),(325,'Grigori','Developer I','72 Trailsway Center','2020-12-19',1212.00,253.00,21),(326,'O\'Daly','Staff Accountant I','648 Columbus Way','2020-02-05',2499.00,186.00,18),(327,'Emmens','Operator','4 Express Way','2022-08-10',1675.00,202.00,16),(328,'Freear','Geological Engineer','150 Corben Road','2020-02-19',1479.00,279.00,5),(329,'Gelling','Administrative Officer','332 Cottonwood Pass','2020-04-10',1847.00,277.00,30),(330,'Carratt','Teacher','1 Mccormick Drive','2017-11-19',2118.00,197.00,12),(331,'Howsam','Senior Quality Engineer','79 Arkansas Center','2021-02-28',1390.00,253.00,28),(332,'Storr','Graphic Designer','510 Judy Park','2018-05-09',1864.00,284.00,20),(333,'Vipan','Project Manager','96 Pankratz Plaza','2021-11-27',1385.00,110.00,21),(334,'Ounsworth','Pharmacist','83966 Barby Way','2021-09-20',3572.00,223.00,17),(335,'Grishankov','Accounting Assistant IV','4 Waxwing Hill','2018-03-07',1098.00,294.00,27),(336,'Vakhrushin','Geological Engineer','36 Prairie Rose Street','2018-03-16',2971.00,180.00,19),(337,'Borrington','Accountant I','0950 Ridgeview Way','2020-07-29',528.00,287.00,8),(338,'Rickett','Financial Analyst','087 Thierer Way','2017-08-29',1959.00,289.00,27),(339,'Fierro','Computer Systems Analyst III','6 Southridge Hill','2016-09-05',2396.00,163.00,15),(340,'McGreil','Electrical Engineer','6 Washington Alley','2021-12-31',3546.00,270.00,25),(341,'Kilty','Technical Writer','69809 Golden Leaf Point','2020-03-16',2931.00,201.00,15),(342,'Gerb','Systems Administrator I','31976 Manufacturers Hill','2022-03-02',2445.00,272.00,28),(343,'Prescot','Internal Auditor','33 Esch Drive','2019-05-12',1215.00,188.00,24),(344,'Aleswell','Account Representative I','84306 Morningstar Trail','2018-02-17',1449.00,281.00,11),(345,'Wearne','Payment Adjustment Coordinator','08 John Wall Way','2020-04-28',1133.00,113.00,27),(346,'Clarkson','Nuclear Power Engineer','60986 Morningstar Road','2018-07-27',3749.00,260.00,26),(347,'Ruter','Senior Sales Associate','870 Florence Center','2017-06-05',2352.00,153.00,5),(348,'Croyser','Senior Developer','56691 Dapin Drive','2019-07-25',2924.00,280.00,16),(349,'Tankard','Director of Sales','24413 Elmside Park','2016-10-02',2482.00,265.00,5),(350,'Simeons','Assistant Manager','24 Derek Terrace','2016-04-29',660.00,195.00,21),(351,'Brogan','Senior Quality Engineer','6408 Fair Oaks Crossing','2019-07-20',793.00,202.00,28),(352,'Zwicker','Human Resources Assistant III','5 Mifflin Way','2017-05-15',688.00,160.00,21),(353,'Folan','Senior Editor','88 Nova Road','2016-01-09',2015.00,180.00,18),(354,'Coggin','Senior Quality Engineer','6597 Helena Alley','2022-05-31',705.00,144.00,2),(355,'Yakubovics','Design Engineer','13 Old Gate Hill','2018-12-04',2040.00,113.00,24),(356,'Morden','Account Coordinator','3 Veith Junction','2018-08-19',3632.00,292.00,20),(357,'Lamkin','Cost Accountant','2 Mesta Junction','2020-11-22',2118.00,128.00,23),(358,'Hercock','VP Quality Control','33184 Waxwing Pass','2017-02-04',3011.00,138.00,16),(359,'Story','Desktop Support Technician','8635 Monterey Alley','2018-07-16',1893.00,261.00,25),(360,'Fishpoole','Administrative Assistant II','71293 Lotheville Avenue','2016-06-12',3034.00,183.00,21),(361,'Geldeard','Recruiting Manager','8 Arizona Park','2017-10-12',2229.00,225.00,20),(362,'Overnell','Help Desk Technician','836 Vernon Plaza','2019-05-17',2522.00,168.00,9),(363,'Amerighi','Food Chemist','6 Dryden Street','2018-07-20',1462.00,225.00,7),(364,'Heeley','VP Marketing','21068 Doe Crossing Lane','2022-07-07',3173.00,158.00,11),(365,'Gilling','Paralegal','87587 Scott Pass','2021-01-07',588.00,174.00,29),(366,'Dilkes','Automation Specialist I','35 Spenser Way','2018-05-05',2286.00,214.00,10),(367,'Bullus','Professor','0 Algoma Parkway','2016-09-30',2091.00,121.00,1),(368,'Lowell','Data Coordiator','92 Farwell Center','2022-07-15',1290.00,129.00,5),(369,'Sinncock','Physical Therapy Assistant','5649 Paget Way','2021-05-16',1786.00,216.00,29),(370,'Doale','Civil Engineer','1948 Dahle Terrace','2017-08-09',3119.00,190.00,1),(371,'Switzer','Design Engineer','1 Anhalt Park','2016-01-22',2802.00,150.00,29),(372,'Fenning','Chemical Engineer','81958 Hansons Parkway','2019-01-20',3059.00,280.00,26),(373,'Picard','Civil Engineer','2 Vernon Avenue','2016-07-23',2837.00,112.00,25),(374,'Osorio','Tax Accountant','9400 Talisman Drive','2021-01-31',913.00,264.00,23),(375,'Sharpous','Health Coach II','0 Fordem Junction','2021-11-01',3428.00,111.00,30),(376,'Bohills','Analyst Programmer','2 Weeping Birch Drive','2017-12-11',1890.00,128.00,1),(377,'Osbiston','Community Outreach Specialist','9532 Raven Junction','2020-04-02',1710.00,271.00,26),(378,'Wethers','Quality Engineer','565 3rd Junction','2016-03-08',3940.00,207.00,25),(379,'Rajchert','Software Test Engineer IV','58336 Glacier Hill Circle','2018-10-29',518.00,104.00,8),(380,'Gillott','Human Resources Assistant II','921 Melvin Plaza','2020-11-12',1512.00,298.00,20),(381,'Alcalde','Senior Quality Engineer','396 Annamark Hill','2017-12-30',523.00,197.00,9),(382,'Izkovici','Assistant Media Planner','23497 Warrior Avenue','2017-01-22',2975.00,177.00,4),(383,'Polamontayne','Registered Nurse','11 Derek Crossing','2020-08-27',3025.00,177.00,1),(384,'Malinowski','Pharmacist','6 Pond Pass','2018-03-17',2767.00,152.00,21),(385,'Gofford','Legal Assistant','4208 Bunting Junction','2022-02-08',1671.00,207.00,27),(386,'Traite','Media Manager II','0612 Stuart Alley','2019-07-07',2516.00,256.00,28),(387,'Birkbeck','Structural Analysis Engineer','06120 Anhalt Alley','2016-10-05',923.00,242.00,16),(388,'Rapi','Marketing Manager','0449 Eastlawn Hill','2018-05-09',2534.00,219.00,5),(389,'Allport','Recruiting Manager','1 Utah Trail','2019-08-16',1991.00,215.00,23),(390,'Drohane','Budget/Accounting Analyst I','8242 La Follette Pass','2017-10-30',3411.00,259.00,9),(391,'Isham','Business Systems Development Analyst','5 Summerview Center','2020-09-20',3103.00,206.00,12),(392,'Compston','Legal Assistant','1043 North Junction','2018-11-02',2775.00,164.00,18),(393,'Wedge','Statistician IV','6 Twin Pines Lane','2019-01-23',3536.00,271.00,28),(394,'Ludewig','Project Manager','93574 Buell Terrace','2022-07-21',886.00,123.00,25),(395,'Cripin','Paralegal','2339 Briar Crest Place','2017-04-08',4000.00,268.00,7),(396,'Dunthorn','Human Resources Assistant II','9847 Kipling Terrace','2016-02-23',3117.00,269.00,6),(397,'Behr','Senior Editor','14 Debra Way','2016-07-28',2283.00,218.00,14),(398,'Sorsby','Senior Developer','3313 Fieldstone Point','2016-08-09',1142.00,177.00,22),(399,'Lye','Senior Financial Analyst','8 Eggendart Road','2017-02-20',1091.00,291.00,13),(400,'Bartomeu','Marketing Manager','06230 Jana Drive','2020-06-03',1595.00,122.00,11),(401,'Glennon','Human Resources Assistant III','29698 Buhler Junction','2019-07-22',1258.00,152.00,14),(402,'Naismith','Chemical Engineer','622 Northfield Point','2020-12-30',3209.00,160.00,13),(403,'Dalgarno','Automation Specialist III','2553 Tomscot Lane','2020-09-10',2199.00,258.00,15),(404,'Bainbrigge','Recruiting Manager','917 Aberg Hill','2020-02-16',2039.00,111.00,22),(405,'MacKellen','Human Resources Manager','31098 Pennsylvania Avenue','2020-06-24',2295.00,127.00,10),(406,'Bramhall','Clinical Specialist','7214 David Way','2021-11-25',2476.00,167.00,2),(407,'Parriss','Web Designer III','1595 Elmside Parkway','2019-11-15',3832.00,236.00,17),(408,'Hartup','Chief Design Engineer','7886 Evergreen Drive','2016-06-19',2312.00,218.00,21),(409,'Height','Statistician IV','954 Lien Parkway','2016-05-05',2966.00,138.00,29),(410,'D\'Costa','Teacher','29 Stoughton Center','2018-12-26',1601.00,211.00,16),(411,'Goodban','Media Manager II','116 Kennedy Alley','2019-01-16',3982.00,254.00,19),(412,'Bettison','Analog Circuit Design manager','68322 Lien Junction','2018-06-07',2740.00,119.00,10),(413,'Dawks','Data Coordiator','81873 Blaine Junction','2017-06-07',3511.00,139.00,19),(414,'Pendle','Web Designer III','70132 Golf Course Hill','2019-05-13',3685.00,275.00,15),(415,'Bellocht','Media Manager IV','01 Sloan Plaza','2021-01-13',598.00,255.00,4),(416,'Maffini','Desktop Support Technician','832 Caliangt Place','2018-10-15',2023.00,197.00,7),(417,'Mushart','Software Consultant','6 Browning Terrace','2020-11-06',3186.00,285.00,24),(418,'McCourtie','GIS Technical Architect','436 Old Gate Plaza','2018-04-21',2961.00,192.00,20),(419,'Rudolfer','Software Consultant','589 Oakridge Alley','2022-04-03',591.00,146.00,20),(420,'Brendish','Computer Systems Analyst II','9445 Ridgeview Park','2016-04-14',883.00,246.00,20),(421,'Gumey','Administrative Officer','894 Marcy Court','2017-05-26',883.00,186.00,1),(422,'Gallaher','Electrical Engineer','7209 Oxford Court','2017-07-28',589.00,211.00,20),(423,'Alltimes','Structural Analysis Engineer','787 Eliot Point','2019-03-03',2866.00,111.00,3),(424,'Meekin','Staff Accountant IV','328 Johnson Lane','2022-03-07',1773.00,241.00,13),(425,'Lanham','Nuclear Power Engineer','9228 Scoville Parkway','2018-02-20',999.00,136.00,15),(426,'Scoyles','General Manager','9669 Oak Valley Drive','2019-11-15',3664.00,122.00,1),(427,'Edden','Structural Analysis Engineer','34 Fair Oaks Court','2017-11-08',1747.00,153.00,1),(428,'Guiduzzi','Software Engineer III','1 Northridge Point','2020-09-14',1203.00,273.00,15),(429,'Brookton','GIS Technical Architect','49471 Hudson Street','2018-11-10',1471.00,157.00,10),(430,'Goodhall','Civil Engineer','1331 Sheridan Pass','2016-04-10',3991.00,241.00,26),(431,'Samweyes','Marketing Assistant','5060 Petterle Junction','2022-01-29',3291.00,144.00,28),(432,'Wenden','Software Consultant','4 Dwight Hill','2016-11-28',1377.00,249.00,21),(433,'Cressor','Senior Quality Engineer','40 Petterle Hill','2017-03-30',969.00,257.00,10),(434,'Bettley','Administrative Officer','8364 American Ash Pass','2021-02-27',3188.00,293.00,26),(435,'Elkins','Research Assistant III','48599 Mendota Court','2016-05-26',2401.00,195.00,30),(436,'Fitton','Paralegal','0755 Birchwood Court','2021-06-18',2623.00,106.00,30),(437,'Sybry','Office Assistant II','5 Miller Park','2020-09-26',2641.00,268.00,12),(438,'Trelevan','Sales Representative','63 Bayside Court','2017-05-16',3850.00,143.00,4),(439,'Santen','Quality Control Specialist','79 Esker Plaza','2017-11-03',3971.00,278.00,2),(440,'Gude','Administrative Officer','573 Del Mar Trail','2021-09-07',2005.00,168.00,6),(441,'Espinheira','Account Executive','4401 Arkansas Point','2019-04-18',1594.00,288.00,6),(442,'Skunes','Professor','018 Carberry Trail','2022-10-08',2414.00,194.00,2),(443,'Crighton','Accountant I','02 Columbus Center','2018-01-11',1647.00,273.00,9),(444,'Silwood','Staff Scientist','42187 Judy Avenue','2020-01-26',2567.00,282.00,8),(445,'Cumbes','Staff Accountant II','0891 Dixon Lane','2020-07-22',1735.00,102.00,30),(446,'Edmans','GIS Technical Architect','9 Arrowood Circle','2019-04-12',3728.00,106.00,15),(447,'Harroway','Account Executive','51288 Autumn Leaf Road','2020-06-19',1554.00,287.00,23),(448,'Jamson','Quality Control Specialist','9 Melvin Terrace','2021-12-25',543.00,182.00,4),(449,'Henmarsh','Technical Writer','93 Melvin Plaza','2017-10-03',1376.00,233.00,12),(450,'Judge','Recruiting Manager','50 Sunnyside Crossing','2022-08-18',2021.00,154.00,7),(451,'Absalom','Product Engineer','7436 Prairieview Park','2019-10-01',3354.00,147.00,16),(452,'Kalkofen','Environmental Specialist','0 Jana Junction','2022-10-31',1784.00,106.00,24),(453,'Pritchett','Web Designer III','7 Northfield Street','2021-10-05',2059.00,199.00,16),(454,'Hanvey','Geologist III','08 Summer Ridge Junction','2022-11-30',1115.00,201.00,3),(455,'Goosnell','Assistant Professor','0 Riverside Point','2018-08-04',3240.00,195.00,10),(456,'Knightsbridge','Safety Technician IV','92 Di Loreto Plaza','2018-02-26',3680.00,128.00,26),(457,'Grishkov','Software Consultant','52 Pearson Court','2020-09-02',1186.00,167.00,10),(458,'Allmen','VP Product Management','78594 Luster Circle','2019-12-07',1447.00,158.00,29),(459,'Clerc','Food Chemist','88953 Esch Plaza','2017-01-18',3964.00,236.00,13),(460,'Strangman','Account Executive','66877 Vera Pass','2021-11-14',1201.00,129.00,14),(461,'Webb','Recruiting Manager','724 Ridgeway Plaza','2021-10-07',1750.00,197.00,28),(462,'Freeberne','Administrative Assistant IV','46 Pleasure Way','2020-05-10',3737.00,174.00,29),(463,'Coll','Nurse Practicioner','5547 Hollow Ridge Parkway','2018-08-23',810.00,286.00,27),(464,'Hathorn','Project Manager','4158 Dexter Circle','2016-05-13',3631.00,141.00,24),(465,'Atto','Dental Hygienist','990 Morningstar Circle','2016-02-15',847.00,205.00,4),(466,'Inston','Nurse','9507 Rowland Way','2017-02-07',1044.00,185.00,10),(467,'Strothers','Recruiter','40201 Rockefeller Point','2018-07-12',779.00,146.00,27),(468,'Pride','Marketing Manager','29 Iowa Plaza','2020-05-11',812.00,147.00,23),(469,'Le Monnier','Structural Analysis Engineer','107 Lotheville Center','2017-01-06',740.00,102.00,18),(470,'Van der Brugge','Research Assistant IV','01 Utah Alley','2021-09-15',3458.00,278.00,7),(471,'Riggey','Librarian','33 American Street','2020-10-26',3654.00,137.00,30),(472,'Cardnell','Tax Accountant','93 Hermina Circle','2019-02-01',1971.00,138.00,25),(473,'Hallt','Quality Control Specialist','39 Messerschmidt Place','2018-08-23',913.00,257.00,24),(474,'Linthead','Data Coordiator','6 Hayes Alley','2017-10-03',1760.00,198.00,1),(475,'Crowley','Chemical Engineer','48 Derek Street','2019-04-08',3714.00,194.00,13),(476,'Waddams','Office Assistant IV','482 Sauthoff Court','2019-08-24',1095.00,217.00,29),(477,'Rocks','Nurse','268 Del Sol Lane','2019-10-08',1287.00,287.00,12),(478,'Barratt','Nurse Practicioner','441 Fremont Court','2020-04-08',3074.00,296.00,7),(479,'Eastby','Staff Scientist','96 Portage Parkway','2020-06-10',3064.00,296.00,24),(480,'Hatt','Web Developer III','88501 Manley Point','2017-06-01',2436.00,147.00,30),(481,'Wakelin','Junior Executive','558 Ridge Oak Avenue','2019-12-06',1478.00,163.00,18),(482,'Jaulmes','Software Test Engineer IV','85 Warbler Pass','2016-11-06',2834.00,297.00,12),(483,'Grooby','Web Designer I','08985 Vermont Point','2021-09-04',3319.00,265.00,8),(484,'Ibbitt','Professor','93579 Longview Point','2020-05-21',1891.00,163.00,1),(485,'Verdey','Community Outreach Specialist','3111 Washington Park','2018-12-28',2111.00,128.00,22),(486,'Josebury','Graphic Designer','14 Corscot Point','2019-05-09',3445.00,109.00,21),(487,'Kennion','Information Systems Manager','36332 Golf View Alley','2016-12-10',2284.00,279.00,1),(488,'Chaunce','Web Developer II','526 Farmco Pass','2017-05-31',3180.00,224.00,25),(489,'Reglar','Chief Design Engineer','79056 Tomscot Lane','2016-11-11',1244.00,106.00,3),(490,'Sekulla','Tax Accountant','26 Golf View Circle','2017-03-18',2630.00,290.00,17),(491,'Lghan','Computer Systems Analyst II','0 Knutson Court','2020-12-18',3904.00,128.00,13),(492,'O\'Loughane','Analyst Programmer','26625 Almo Court','2019-06-12',3642.00,167.00,25),(493,'Cadamy','Quality Control Specialist','698 Redwing Crossing','2019-04-22',1513.00,262.00,18),(494,'Ber','Staff Scientist','481 Calypso Parkway','2016-03-25',662.00,280.00,29),(495,'Danilewicz','Safety Technician IV','76480 Nobel Terrace','2016-04-05',3884.00,211.00,8),(496,'Puddephatt','VP Product Management','1186 Farwell Street','2021-10-04',3921.00,251.00,4),(497,'Greggor','Web Designer II','91139 Melby Park','2018-02-06',2561.00,103.00,15),(498,'Spelsbury','Account Coordinator','4400 Express Road','2017-08-01',2575.00,251.00,22),(499,'Dallan','Senior Sales Associate','3623 Bobwhite Drive','2016-08-04',3937.00,183.00,6),(500,'Crossan','Senior Sales Associate','11369 Dennis Trail','2019-06-02',3959.00,255.00,30);
/*!40000 ALTER TABLE `emp` ENABLE KEYS */;
UNLOCK TABLES;

--
-- Table structure for table `enfermo`
--

DROP TABLE IF EXISTS `enfermo`;
/*!40101 SET @saved_cs_client     = @@character_set_client */;
/*!50503 SET character_set_client = utf8mb4 */;
CREATE TABLE `enfermo` (
  `Inscripcion` varchar(45) NOT NULL,
  `Apellido` varchar(45) NOT NULL,
  `Direccion` varchar(45) NOT NULL,
  `Fecha_Nac` date NOT NULL,
  `S` varchar(45) NOT NULL,
  `NSS` varchar(45) NOT NULL,
  `Dept_No` int NOT NULL
) ENGINE=InnoDB DEFAULT CHARSET=latin1;
/*!40101 SET character_set_client = @saved_cs_client */;

--
-- Dumping data for table `enfermo`
--

LOCK TABLES `enfermo` WRITE;
/*!40000 ALTER TABLE `enfermo` DISABLE KEYS */;
INSERT INTO `enfermo` VALUES ('2022-09-24','Southouse','74 Hoepker Center','2008-07-22','Female','340-13-8653',19),('2022-07-31','Southwick','4 Harbort Lane','1964-09-22','Genderfluid','121-17-2268',30),('2022-02-25','Torry','220 Eggendart Alley','2016-12-14','Male','807-31-6777',25),('2022-02-21','Wilstead','16 Ludington Way','1956-10-20','Male','100-70-7961',17),('2022-07-29','Busk','855 Mcguire Place','1951-12-23','Female','601-77-4090',15),('2022-08-04','Hardwidge','83998 Marcy Terrace','1965-11-08','Female','708-17-4629',26),('2022-06-28','Alleyn','86951 Gerald Street','2006-01-16','Female','622-75-4305',17),('2022-03-16','Rogers','5143 Beilfuss Pass','2011-04-26','Female','401-52-1044',15),('2022-02-14','Monckman','2867 Bartelt Court','2008-11-25','Male','648-20-5691',24),('2022-02-10','Hasselby','6798 Anniversary Hill','1953-02-15','Male','236-35-1761',9),('2022-08-24','Tchir','3 Fallview Road','1981-12-11','Non-binary','109-69-4272',26),('2022-04-02','Blondel','9 Utah Plaza','1961-07-12','Non-binary','405-58-6069',17),('2022-01-09','O\'Sirin','15 Mayfield Terrace','1979-06-03','Male','574-99-4067',26),('2022-05-31','Ruben','9 Sunbrook Plaza','1982-11-21','Agender','262-76-2399',11),('2022-02-18','Kitchenman','731 Golf Point','2019-09-09','Male','812-73-1002',8),('2021-12-14','Greedy','550 Sunnyside Trail','1951-03-31','Female','170-15-4772',11),('2022-11-25','Crudge','947 Anderson Hill','1981-12-27','Female','147-54-1101',22),('2022-05-05','Ashcroft','8 Haas Street','1978-05-04','Female','204-95-7471',5),('2022-02-14','Leeburn','84029 Mifflin Point','1975-10-11','Male','843-25-8382',12),('2022-10-02','Fairleigh','958 Messerschmidt Street','1953-07-18','Female','233-03-0204',18),('2022-05-03','Ogles','6849 Columbus Park','1964-07-27','Genderfluid','114-27-6347',24),('2022-04-13','Woloschinski','4 Blaine Trail','1957-02-08','Male','103-60-2460',6),('2022-01-31','Ounsworth','82 Texas Avenue','2007-11-07','Male','722-99-3907',29),('2022-09-25','Corcut','4 Holy Cross Place','2005-10-19','Female','852-99-6921',23),('2022-05-28','Lambourne','4 Spenser Court','1974-03-06','Genderqueer','895-67-5043',21),('2022-03-31','Ninotti','81240 Garrison Parkway','1973-07-10','Male','318-73-3933',2),('2022-09-15','Leavold','9734 Haas Junction','2021-07-14','Female','860-67-7243',30),('2022-06-10','Windous','83961 Susan Hill','2009-08-08','Male','716-85-5983',7),('2022-04-07','Enrigo','4080 Erie Parkway','1955-03-25','Male','163-75-3377',22),('2021-12-11','Overington','9 Springview Plaza','2018-08-17','Female','743-65-3911',11),('2022-04-08','Neiland','7 Atwood Circle','1958-12-18','Genderqueer','296-50-9331',9),('2022-02-03','Bigglestone','4114 Kropf Point','1975-06-09','Male','759-98-1933',21),('2022-08-09','Buckeridge','7 Oriole Place','1973-07-08','Male','650-99-2373',12),('2022-03-27','Hanscombe','56 Caliangt Park','1977-12-07','Male','451-63-7633',4),('2022-03-25','Earley','75223 Holy Cross Street','1998-02-12','Male','303-80-7152',28),('2022-09-01','Maris','4 6th Terrace','1969-09-02','Female','190-94-0049',12),('2022-03-13','Greasty','3 Moose Parkway','1994-02-15','Female','782-61-9721',30),('2022-07-01','Aleixo','6 Forster Crossing','1973-03-30','Male','357-40-5462',20),('2022-06-02','Guisler','12 Buena Vista Alley','1959-05-24','Genderqueer','766-38-7234',9),('2022-04-21','Tyer','2 Lerdahl Crossing','2003-08-08','Female','420-06-7272',21),('2022-04-22','Clack','21013 Norway Maple Crossing','1992-12-17','Male','319-64-6101',25),('2022-11-24','Boissier','955 Jenifer Drive','2015-07-26','Female','304-22-1067',19),('2022-08-28','Dowsett','493 Fair Oaks Alley','2019-04-19','Male','468-57-6662',27),('2022-10-13','Mallinson','6590 Merrick Circle','2005-03-05','Male','629-28-5060',19),('2022-06-26','Hollerin','891 Huxley Terrace','2020-11-10','Female','504-30-4999',28),('2022-06-21','Cristoforo','2738 Southridge Hill','1976-01-07','Male','898-85-9315',22),('2022-10-18','Steen','315 Vermont Point','2004-04-09','Genderqueer','562-74-6099',13),('2022-02-15','Kassman','71 Mifflin Junction','2017-12-24','Female','531-50-9318',4),('2022-05-14','Glew','35 Loomis Parkway','1976-01-22','Male','269-09-5286',13),('2022-01-29','Houndsom','84 Havey Pass','1976-08-02','Female','299-80-0111',22),('2022-06-19','O\'Downe','68464 Hanover Place','2002-08-09','Male','464-35-9942',28),('2022-10-05','Eggleston','978 Ramsey Trail','1996-01-22','Female','733-13-5979',5),('2022-05-05','Lambrecht','5539 Westport Center','1992-11-17','Female','568-02-3782',30),('2022-04-24','Warters','669 Scofield Point','1999-11-17','Female','182-91-9497',1),('2022-08-01','Archard','7319 Becker Point','2005-12-11','Female','775-40-7900',19),('2022-07-16','Meriel','758 Dorton Parkway','1990-10-15','Female','844-97-8022',12),('2022-03-19','Chill','181 Waubesa Alley','1958-02-07','Female','293-63-3725',22),('2022-11-29','Willows','31403 Merrick Terrace','1963-05-16','Non-binary','599-40-1377',21),('2022-07-25','Cloutt','84 Hoard Park','1979-03-28','Male','323-88-5652',13),('2022-02-09','Fann','469 Heffernan Junction','1988-04-05','Female','727-72-4425',21),('2022-03-15','Kamena','59 Scofield Pass','1964-03-09','Female','629-99-3173',3),('2022-06-09','Meads','93358 Everett Parkway','1983-02-10','Male','355-41-2473',25),('2022-05-27','Brosel','12 Westerfield Road','1989-09-09','Female','298-75-0139',7),('2022-08-22','Sallinger','654 American Ash Pass','1958-03-26','Female','784-87-7525',27),('2022-05-05','Kinneir','94922 Bartillon Drive','1955-02-23','Male','493-80-3906',12),('2022-02-02','Gaskin','60 Main Trail','1952-04-02','Male','553-66-9999',6),('2022-05-30','Morriss','3 Redwing Way','2018-01-27','Non-binary','894-23-4050',24),('2022-10-02','Clineck','0 Dahle Place','1956-04-15','Female','716-92-9281',3),('2022-07-30','Aubrey','49 Southridge Court','2009-05-17','Female','581-26-0719',10),('2022-07-11','Kleinsinger','5 Cambridge Center','1990-12-24','Female','182-20-0509',7),('2022-06-02','Blain','77541 Corben Trail','1983-10-09','Female','418-73-4564',30),('2022-02-23','Edbrooke','36 Daystar Crossing','1985-04-13','Male','578-71-8852',3),('2022-10-15','Feld','254 Manley Park','1972-04-22','Male','761-02-7546',10),('2022-02-15','Staining','0551 Cardinal Junction','1953-07-06','Female','120-14-9362',13),('2022-05-01','Smitherham','1330 Tomscot Place','2014-01-31','Female','869-12-7086',3),('2022-11-03','Stammers','59466 Vahlen Plaza','1990-06-14','Female','219-05-6555',14),('2022-06-26','Duggon','171 Prairie Rose Court','1977-11-26','Male','495-14-8044',27),('2022-10-15','Mathiassen','59613 Scoville Lane','2004-05-21','Female','230-53-3038',7),('2022-05-11','Donan','23 Macpherson Crossing','2011-06-15','Male','482-14-4334',4),('2022-02-11','Pepper','28837 Manitowish Hill','1981-01-14','Non-binary','322-49-1403',14),('2022-02-14','Barfford','96655 Erie Street','1967-08-16','Male','866-43-7339',18),('2022-08-08','Seeley','2268 Maryland Lane','1972-04-07','Male','824-81-9435',13),('2022-09-18','Marquese','58 Lighthouse Bay Hill','2002-03-09','Agender','532-60-1678',21),('2022-01-25','Anfossi','018 Scofield Parkway','1974-02-06','Female','767-68-4978',30),('2022-03-19','Bendley','29507 Bobwhite Hill','1983-03-17','Male','616-78-9069',27),('2022-01-17','Halksworth','55338 Schiller Circle','2011-04-19','Female','523-34-5420',14),('2022-04-15','Brothers','6 Prairieview Way','1976-02-26','Polygender','689-29-6608',30),('2022-12-04','Daniaud','6 Harper Place','1959-03-07','Female','555-22-2524',10),('2022-11-19','Stranks','1 Blackbird Alley','1983-02-08','Male','466-05-6895',15),('2022-05-19','Neave','24 Holy Cross Hill','1972-02-01','Male','145-20-5350',23),('2022-05-11','Lusty','2012 International Drive','2013-03-31','Female','269-25-0976',15),('2022-10-19','Sketchley','931 Hauk Point','1974-12-15','Male','145-84-4548',9),('2022-06-29','Vlies','6 Westridge Alley','1981-10-19','Female','518-84-8111',13),('2022-05-27','McGebenay','74 Dennis Circle','1956-04-21','Male','738-41-1795',21),('2022-02-11','Castiblanco','73 Chinook Junction','1983-09-05','Male','596-15-1144',17),('2022-08-16','Sallans','0834 Amoth Circle','1982-01-20','Female','529-36-6446',29),('2022-07-15','Huckfield','436 Kim Parkway','1984-12-23','Non-binary','320-64-6851',27),('2022-06-02','Sindell','560 Village Green Court','1988-02-27','Male','257-72-7911',6),('2022-02-23','Brodnecke','16 Sheridan Alley','1979-07-11','Female','284-04-0578',10),('2021-12-12','Lornsen','76 Dapin Place','1997-04-21','Male','725-08-2990',25),('2022-03-29','Laxtonne','68352 Jay Trail','1951-03-02','Female','138-90-1336',20),('2022-04-17','Marciskewski','227 Mockingbird Alley','2002-09-18','Female','816-50-4821',4),('2021-12-20','Vischi','7803 Hagan Point','1973-03-11','Male','117-13-2124',30),('2022-05-23','Westwick','1 Veith Plaza','1982-10-30','Female','292-49-2695',29),('2022-10-14','Fifield','2192 Goodland Park','1973-12-16','Female','350-59-7967',30),('2022-08-09','Lorey','349 Village Point','2002-10-14','Male','300-24-0884',20),('2022-03-31','Kenneford','618 Hoard Street','1992-12-15','Female','518-54-9126',21),('2022-09-10','Crosen','53 Birchwood Pass','2010-04-07','Male','757-15-9096',26),('2022-01-15','Springate','3 Packers Center','1961-10-02','Female','676-87-6218',8),('2022-04-21','Battrick','20 Melvin Junction','2016-04-07','Agender','720-02-0857',6),('2022-09-11','Mullin','7449 Jackson Road','1979-02-01','Female','652-57-5521',6),('2022-06-26','Lightowlers','8343 Morningstar Street','1991-04-22','Male','794-08-6820',1),('2022-05-28','Jopson','595 Warrior Alley','2014-02-20','Male','264-43-2954',7),('2022-03-23','Tombleson','1327 Ohio Crossing','1977-06-25','Female','470-85-5788',30),('2022-09-20','Dumblton','7584 Paget Way','2016-12-28','Male','558-73-8823',25),('2022-07-02','Eckersley','68 Twin Pines Plaza','2000-02-23','Female','490-13-8999',8),('2022-08-12','Cuvley','39287 Jenna Point','2021-02-10','Male','772-55-8662',19),('2022-11-14','Wabb','6113 Havey Point','1977-06-19','Male','346-28-4591',17),('2022-11-10','Haddleston','0 Stone Corner Hill','2016-05-06','Female','710-78-0135',4),('2022-09-16','MacTague','18153 Rieder Park','1994-01-12','Female','424-55-4183',24),('2022-08-03','Blumer','8698 8th Circle','1967-08-28','Male','147-04-9100',3),('2022-08-04','Oels','4 Kenwood Center','1954-04-26','Male','646-94-4868',1),('2022-04-06','Sheasby','96092 Butternut Circle','1993-07-12','Female','455-55-7512',21),('2022-10-06','Bysshe','26903 Alpine Drive','2010-07-21','Female','145-95-0652',27),('2022-04-21','Perago','7 Stuart Trail','2001-05-11','Male','204-86-5761',18),('2022-04-14','Mohamed','72 Toban Crossing','1977-01-25','Male','150-54-8741',29),('2022-09-14','Mulliner','4110 Johnson Point','2006-04-02','Male','299-56-3653',22),('2022-03-11','Cleland','63349 Miller Pass','1993-08-19','Male','655-12-9687',19),('2022-03-04','Gilfoyle','5508 Comanche Hill','1994-03-16','Male','577-33-9066',23),('2022-02-06','Torry','67 Russell Lane','1983-01-08','Female','781-37-9649',1),('2022-10-21','Cicco','98 Graedel Parkway','1996-03-30','Male','286-62-1860',27),('2022-06-02','Fonteyne','1 Hovde Place','1971-04-30','Male','132-67-6251',22),('2021-12-19','Sillis','1 Delladonna Place','1984-01-17','Female','433-33-0761',24),('2022-08-12','Climo','5 Lukken Plaza','1956-01-30','Female','740-20-1872',6),('2022-07-12','Romer','5 Fieldstone Road','1966-08-24','Female','140-82-4621',22),('2022-11-17','Muddiman','10 Debra Court','2020-05-11','Female','777-10-4685',1),('2021-12-28','Challice','08940 Boyd Circle','1962-11-30','Female','735-52-9526',5),('2022-03-30','Llewellyn','61001 Lakeland Pass','1969-05-14','Female','453-33-9987',15),('2022-09-09','Pagden','4 Steensland Street','2005-08-26','Female','253-91-2553',29),('2022-03-08','Stickford','3 Karstens Hill','1986-09-19','Polygender','330-48-5980',3),('2022-01-24','Dursley','5952 Messerschmidt Crossing','2022-09-22','Female','103-83-9111',13),('2022-06-01','Sabbin','3630 Bonner Circle','1985-10-02','Agender','305-74-0399',21),('2022-03-08','Barette','24022 Ramsey Lane','1997-06-30','Female','342-16-5197',5),('2022-10-13','O\'Hone','036 Sugar Way','1952-01-12','Agender','529-33-6668',28),('2022-09-20','Coale','24 Petterle Road','2009-11-14','Male','385-04-2857',12),('2022-03-09','Hillin','90 Valley Edge Way','1982-09-13','Male','117-71-6068',17),('2022-01-26','Ridgers','8035 Sundown Plaza','1975-09-18','Male','122-44-7716',19),('2022-03-13','Duggary','7450 Spohn Trail','1981-03-04','Male','408-31-7947',29),('2022-08-11','Haddow','00 Ruskin Circle','1963-05-07','Male','640-26-1916',20),('2022-10-05','Jowers','13692 Sundown Crossing','1999-07-31','Male','315-71-6465',12),('2022-08-04','Beeston','274 Knutson Center','1986-06-21','Male','387-02-3062',24),('2022-04-13','Rudgard','550 Vernon Plaza','1999-08-30','Male','501-72-1796',24),('2022-08-07','Paulusch','16 Eggendart Park','2018-06-09','Male','626-56-7915',21),('2022-03-28','Lenaghen','8735 Randy Street','2015-03-19','Female','415-17-8254',19),('2022-10-11','Strange','705 Scoville Alley','2021-11-03','Male','421-60-6541',25),('2022-02-15','Simkins','3232 Blackbird Alley','2022-01-28','Female','644-66-0459',1),('2022-11-24','Punton','931 Maple Trail','1976-12-08','Female','313-06-2789',17),('2022-10-03','Redford','8141 Lyons Trail','1990-02-18','Male','382-17-9330',10),('2022-01-31','Parysiak','65 Old Shore Park','2017-10-01','Non-binary','824-94-8870',16),('2022-08-07','Mattia','61 Dixon Court','1970-05-11','Polygender','718-72-9428',26),('2022-03-09','Bhatia','25 Gateway Park','1954-01-25','Female','452-20-8623',29),('2022-07-13','Bawles','13 Del Mar Crossing','2016-03-13','Female','612-10-4827',18),('2022-10-12','Gehrtz','7746 Charing Cross Avenue','2021-10-04','Male','216-23-9872',2),('2022-10-04','Feedome','96 Drewry Street','2020-10-01','Non-binary','287-63-4580',4),('2022-08-25','Turbayne','4588 6th Hill','2013-03-11','Female','185-94-8778',3),('2022-02-15','Squire','27641 Lunder Alley','1982-02-09','Female','838-69-1502',1),('2022-09-27','Learmonth','3650 Granby Plaza','2005-06-27','Male','733-63-9099',8),('2022-11-15','Degli Abbati','3993 Ilene Hill','2001-03-25','Male','869-22-3931',27),('2022-02-11','Goodby','3 Warner Plaza','2000-01-05','Male','569-02-7903',28),('2022-02-04','Bowhey','75885 Rieder Lane','1988-01-31','Female','735-76-1980',16),('2022-08-05','Bedenham','3 Dryden Way','1971-09-19','Male','761-50-7241',13),('2022-09-19','Paxeford','7 Scoville Point','2014-07-19','Female','215-67-8217',25),('2022-02-06','Le Leu','933 Messerschmidt Park','1965-02-12','Female','742-35-2113',6),('2022-11-18','Gibbie','24550 Elka Avenue','1995-05-11','Female','137-51-3378',26),('2021-12-20','Cubitt','41318 Magdeline Street','1981-07-30','Female','556-67-3434',20),('2022-11-12','Wallington','4740 Aberg Road','1984-11-27','Female','615-86-0338',20),('2022-02-28','Zouch','9867 Green Alley','1964-12-20','Male','653-19-6785',5),('2022-04-30','Hostan','1 Lunder Terrace','1986-07-01','Male','333-88-9127',3),('2022-07-26','Westberg','05055 Bunting Court','1989-07-01','Male','606-29-2759',25),('2022-07-30','Sever','02 Duke Parkway','2009-01-03','Female','388-69-9520',22),('2022-10-07','Struttman','15 1st Street','2004-09-06','Male','116-72-9744',22),('2022-07-09','Hebburn','9621 Ronald Regan Terrace','1999-04-12','Female','186-77-7822',9),('2022-07-17','Crinion','19660 Vidon Parkway','1991-11-11','Male','431-86-6339',14),('2022-06-15','O\'Dea','3205 Union Road','1963-07-29','Non-binary','814-33-7348',22),('2022-02-07','Byllam','1 Continental Pass','1961-11-25','Male','498-03-1940',4),('2022-07-18','Moodie','6704 Mallory Terrace','2011-03-27','Female','663-43-6205',18),('2022-05-20','Coste','98 Cordelia Pass','1981-04-05','Female','477-81-2342',11),('2022-09-28','Tooth','49 Linden Hill','2004-07-11','Female','241-96-8948',29),('2022-09-13','Razzell','16 Vidon Alley','2008-06-03','Male','759-76-2613',15),('2022-10-05','Sprosson','517 Redwing Way','1980-12-01','Male','331-30-6220',28),('2022-09-04','Cristou','4 Stone Corner Lane','1956-06-16','Male','499-59-8522',17),('2022-09-18','Dearlove','169 Darwin Circle','1975-01-08','Bigender','757-30-0957',1),('2022-08-17','Pionter','869 Scott Road','1962-04-04','Female','569-07-1253',8),('2022-07-27','Davidowich','47779 Monument Street','1983-04-18','Polygender','411-01-5083',23),('2022-12-04','Herries','9 West Trail','1968-04-02','Male','146-67-1635',3),('2022-06-15','Streatfield','7 Artisan Way','1980-07-01','Female','824-82-8173',15),('2022-05-06','Pigny','49 Elgar Center','2021-11-02','Male','595-42-5140',20),('2022-08-20','Boocock','6560 Waxwing Park','1995-01-20','Female','782-14-5986',9),('2022-02-21','Pisco','650 Algoma Junction','1984-01-13','Female','461-67-0793',27),('2022-06-09','Carder','3 Harbort Lane','1956-11-27','Female','577-39-3531',18),('2022-02-14','Bulled','0 Grim Parkway','1961-01-31','Male','224-41-4332',5),('2022-11-10','Bereford','1 Vermont Parkway','1981-07-18','Male','604-97-6170',19),('2022-04-01','Verrick','60556 Eggendart Center','2007-06-25','Female','817-74-0726',21),('2022-08-09','Brigstock','604 Swallow Trail','1986-01-11','Male','349-26-3609',20),('2022-11-26','Fries','202 Sutherland Alley','1959-06-04','Male','439-72-2035',11),('2022-02-20','Lord','57 Golf Course Crossing','1981-01-20','Male','672-97-8995',13),('2022-03-15','Pietersen','6678 Pawling Park','1969-04-10','Male','263-44-0171',20),('2022-07-25','O\'Rodane','235 Schiller Circle','1993-05-05','Female','705-15-1467',6),('2022-09-27','Bullen','9 Gerald Road','1985-06-04','Female','746-89-1935',27),('2022-03-03','Lummasana','4 Moose Terrace','1997-05-17','Male','105-96-7566',6),('2022-10-31','O\'Fergus','17 Warrior Road','1998-12-13','Male','708-23-4838',4),('2022-08-31','Treharne','24 Mallory Avenue','1957-11-17','Female','726-95-5719',14),('2022-10-16','Shimmings','92 Esch Place','1959-01-24','Female','868-21-3804',26),('2022-01-03','Bickle','4 Spenser Crossing','1978-03-29','Female','669-60-1059',24),('2022-07-23','Sneaker','85550 Graedel Hill','2007-08-28','Female','885-57-1719',3),('2022-06-23','Gurry','81 Towne Trail','2009-07-19','Female','863-93-6481',11),('2022-04-20','Riggoll','4813 Vernon Plaza','1991-11-24','Male','707-85-7534',7),('2022-02-05','Danielsson','7909 Commercial Hill','1998-01-15','Male','827-94-8561',22),('2022-09-21','Dawdry','858 Paget Parkway','2019-10-23','Male','396-65-8888',4),('2022-03-09','Daddow','9597 Glendale Way','1986-03-04','Male','313-87-9222',20),('2022-08-20','Douse','643 Summit Court','2007-12-20','Male','289-92-0233',12),('2022-05-31','Brands','742 Bayside Parkway','1962-12-29','Female','479-70-8234',3),('2022-08-28','Sillwood','2838 Charing Cross Pass','1986-10-20','Female','848-74-8587',27),('2022-10-08','Plowes','703 School Way','1974-06-24','Male','542-57-7557',4),('2022-07-12','Hyndley','75 Elka Hill','1970-11-21','Male','661-26-6038',30),('2022-06-13','Odby','3 Eastwood Center','2004-08-29','Female','855-63-9516',18),('2022-09-04','Fugere','82119 Farwell Terrace','2005-08-11','Female','771-42-6264',28),('2022-11-06','Durak','888 Westend Court','1983-12-21','Male','178-02-6021',27),('2022-11-02','Gavrielly','9632 Saint Paul Point','2011-05-28','Female','421-54-2004',14),('2022-06-05','Stirling','68177 Hallows Alley','1979-07-13','Female','483-67-6359',7),('2022-08-29','Coulton','1 Erie Court','1953-06-24','Female','162-84-1625',19),('2022-03-27','Redwing','5 Hauk Parkway','2022-11-18','Female','824-76-4283',30),('2022-08-18','Garlett','11 Moulton Park','1954-12-06','Male','803-06-5392',20),('2022-11-16','Booler','7 Saint Paul Road','1988-04-29','Female','143-66-0137',13),('2022-06-20','Jennens','2932 Morning Hill','1955-12-09','Male','581-69-4351',4),('2022-09-07','Monk','61145 Schlimgen Park','2021-07-31','Male','795-47-5049',7),('2022-03-15','McAlroy','1 Lerdahl Center','1969-05-29','Female','633-03-3750',1),('2022-08-30','Malins','1 David Drive','1958-09-26','Male','206-79-9490',19),('2022-08-23','Bearman','867 Cottonwood Alley','1970-07-22','Male','202-72-0449',26),('2022-08-01','Kebell','9 Bonner Place','2011-10-23','Genderfluid','101-24-1623',21),('2022-05-14','Belloch','697 Sloan Park','2009-04-01','Female','832-88-5045',24),('2022-04-27','Duffrie','55 Fairfield Avenue','1966-10-31','Female','293-67-2366',6),('2022-06-22','Booi','835 Barnett Avenue','1994-01-13','Male','326-77-8314',4),('2022-03-13','Devanney','60 Algoma Place','1996-12-19','Female','509-38-5662',23),('2022-08-29','Radbone','1 Corben Court','2014-08-10','Male','248-50-6629',1),('2022-08-27','Bucktrout','12668 Transport Parkway','1966-07-17','Female','772-57-8841',23),('2022-04-23','Brookbank','12 Reinke Street','1965-05-11','Male','580-43-0698',17),('2022-08-28','Sifleet','1 Troy Court','2011-06-28','Female','175-54-7980',25),('2021-12-13','Keesman','591 Huxley Junction','1961-06-05','Male','710-31-1323',22),('2022-04-19','Blindermann','72971 Charing Cross Circle','1960-11-15','Female','566-34-8185',9),('2022-07-12','Bartosinski','71 Division Pass','2015-01-03','Genderfluid','648-31-1343',19),('2022-11-28','Juares','116 Namekagon Point','1986-01-23','Female','893-54-7989',25),('2022-11-09','Royse','9297 High Crossing Pass','2015-07-16','Female','217-24-3484',16),('2022-12-02','Rolfs','613 Welch Crossing','1991-05-16','Male','238-85-3426',21),('2022-11-23','Ducker','72385 Linden Trail','2006-07-22','Male','877-76-0144',29),('2021-12-20','Jeram','38141 Lotheville Street','2013-06-13','Female','148-02-1825',29),('2022-02-13','Arunowicz','2298 Warrior Road','2006-04-19','Male','464-28-1030',1),('2021-12-24','Alton','92877 Mosinee Avenue','1984-07-09','Male','284-81-7846',10),('2022-01-15','Muckian','4472 Chive Lane','1966-11-05','Agender','204-47-3799',1),('2022-04-06','Coatts','20 Calypso Lane','1989-10-14','Male','383-04-8556',19),('2022-01-26','Riddick','8 Shelley Alley','1957-01-30','Female','290-37-0607',21),('2022-05-24','Rugiero','11 Waubesa Circle','1966-04-08','Non-binary','526-77-0253',11),('2022-05-09','Leggon','888 Anderson Center','1983-11-03','Male','345-52-8065',2),('2022-01-25','Hanwell','0723 Beilfuss Park','1992-09-24','Male','520-44-0163',25),('2021-12-15','Whellans','767 Fairfield Drive','1984-11-02','Female','385-86-5148',2),('2022-07-16','Perrins','65 Boyd Lane','1975-07-21','Agender','582-60-6705',19),('2022-07-13','Crawcour','2154 Judy Street','2006-10-14','Female','345-61-5982',1),('2022-08-25','Meenan','80 Sugar Center','1964-10-25','Female','367-78-1140',30),('2022-04-24','Allett','449 Blackbird Junction','1960-07-23','Polygender','787-78-1786',25),('2022-05-09','Auty','83792 Armistice Hill','1959-01-01','Male','476-98-1212',20),('2022-04-05','De Francesco','8275 Ryan Circle','1969-11-10','Male','824-48-1260',3),('2022-03-29','Devany','5770 Kinsman Terrace','1964-03-29','Female','233-39-1364',6),('2021-12-25','MacAfee','29 Moland Drive','2009-07-21','Female','207-55-3511',13),('2022-07-06','Woodruff','24364 Logan Terrace','2016-11-21','Female','333-03-2912',10),('2022-03-14','Montilla','63162 Shelley Crossing','1993-04-28','Genderfluid','221-04-2971',2),('2022-07-26','Felgat','980 Browning Circle','2016-11-04','Male','739-39-1437',29),('2022-01-19','Pringour','11038 Lakeland Pass','1952-03-28','Female','548-27-5839',14),('2022-01-27','Sangra','9020 Carberry Road','1998-01-29','Male','334-42-1588',15),('2022-06-25','Bennallck','54170 Dorton Point','1998-06-02','Male','665-24-7304',6),('2022-03-12','Roj','907 Pankratz Parkway','2011-04-16','Male','234-15-9799',17),('2022-10-25','Ludye','01547 Oxford Way','1992-02-11','Male','829-63-9606',5),('2022-09-18','Roderham','29938 Ridge Oak Crossing','1958-03-18','Male','744-49-3209',15),('2022-06-30','Kinkaid','850 Corben Point','2001-08-21','Male','859-37-3804',3),('2022-05-18','Coyne','0279 Westerfield Center','1967-06-28','Male','602-46-0239',4),('2021-12-20','Branchet','15805 Lukken Trail','1975-10-12','Female','780-20-8408',14),('2022-07-28','Hailston','93 Monterey Lane','1958-07-21','Male','650-94-0056',18),('2022-11-30','Tomek','91887 Barnett Park','1971-11-16','Bigender','601-27-8593',22),('2022-03-25','Deboick','825 Bellgrove Court','1987-08-16','Male','594-67-4710',3),('2022-07-17','Gaye','010 Prairie Rose Parkway','1972-03-25','Female','748-28-6129',12),('2022-02-07','Winpenny','437 Cambridge Center','1952-07-22','Female','540-88-0873',8),('2022-01-22','Tuley','0283 Cascade Pass','1959-02-01','Male','625-44-5833',18),('2022-01-03','Barnwille','02069 Meadow Vale Terrace','2012-04-28','Male','705-61-1514',15),('2022-06-13','Reardon','74662 Hoepker Court','2017-11-20','Male','238-28-4138',27),('2022-07-05','Dolligon','4289 Declaration Road','2010-10-19','Female','239-71-9373',29),('2022-09-08','Ansett','76759 Golf Point','1980-07-11','Male','311-01-8638',23),('2021-12-11','Bythell','2 Ramsey Avenue','1951-01-24','Male','584-45-9016',24),('2021-12-12','Fraschini','67 Utah Terrace','1974-07-24','Male','335-12-0161',20),('2022-04-08','Pfeffel','2 Sunfield Lane','1990-02-20','Male','260-51-4680',18),('2022-11-16','Fairpool','269 Laurel Road','1975-04-13','Male','383-45-3760',14),('2021-12-31','Guerrin','02 Fallview Hill','1994-05-30','Male','118-53-2736',16),('2022-09-03','O\' Faherty','84 La Follette Junction','1963-04-26','Male','365-29-5092',28),('2022-01-05','Kendrew','2759 Lighthouse Bay Lane','2017-01-10','Female','570-21-2875',20),('2022-07-25','Brauner','84 Welch Park','1988-07-17','Female','661-34-2291',20),('2022-06-28','Tatterton','884 Utah Drive','1983-02-18','Male','520-89-3456',12),('2022-10-17','Priddis','01580 Mendota Parkway','1958-01-03','Male','118-36-2321',27),('2022-06-24','Streat','215 Fuller Avenue','2000-06-25','Female','579-30-1902',7),('2022-02-11','MacLennan','4323 Hoepker Street','1951-03-21','Female','808-46-4682',9),('2022-11-03','Grosvenor','0 Hovde Lane','1992-11-09','Female','669-80-7080',24),('2022-04-01','Neem','457 Dixon Court','1963-11-30','Male','690-53-4182',18),('2022-09-25','Westmoreland','3 Glendale Park','2021-08-12','Male','116-45-7594',2),('2021-12-14','Kiebes','3643 Transport Trail','2020-09-17','Male','506-73-0650',8),('2022-02-02','McPhater','4 Goodland Hill','2001-01-01','Female','553-42-0989',23),('2022-07-05','Drake','34 Kipling Lane','1961-09-28','Male','683-28-6381',24),('2022-04-07','Conring','90 Dixon Terrace','1958-01-31','Male','660-34-3448',4),('2022-01-29','Hullyer','9 Shopko Road','1991-09-04','Female','274-18-0818',10),('2022-10-05','Bernhardsson','18737 Dunning Point','2011-01-15','Male','366-11-8543',8),('2022-10-08','O\'Mullally','14 Green Ridge Plaza','2020-05-31','Male','350-19-4685',7),('2022-03-11','Kubal','62 Heath Street','1976-10-03','Female','816-19-5508',26),('2022-01-12','Perris','23 Waxwing Crossing','1967-03-18','Male','755-93-7542',6),('2021-12-12','Richard','2 4th Plaza','2012-03-22','Female','310-13-5843',24),('2022-08-05','Musgrave','19 Westport Crossing','1957-10-17','Male','172-85-5049',7),('2022-01-25','Fouldes','0332 Fairfield Court','1973-08-23','Female','166-13-5501',3),('2022-10-26','Stubbin','5341 Hansons Place','1978-12-27','Female','702-35-5147',24),('2022-09-06','Dusting','564 Mcguire Place','2013-01-29','Male','743-76-0426',7),('2022-04-29','Gabbidon','0566 Golden Leaf Plaza','2012-08-17','Female','562-71-9289',16),('2022-07-29','Lernihan','47210 Glacier Hill Crossing','1987-12-26','Female','783-81-5209',3),('2022-01-12','Wonter','225 Ronald Regan Lane','1987-09-30','Female','737-76-3920',24),('2022-07-26','Scotson','014 Longview Parkway','2019-04-29','Agender','292-26-0018',8),('2022-02-22','Borrill','52 Schurz Way','1952-02-25','Male','247-05-8533',22),('2022-05-22','Fortoun','7144 Meadow Vale Junction','1978-08-13','Male','824-81-0410',22),('2022-09-11','Curcher','42393 Scott Center','1951-02-05','Male','460-39-0300',27),('2022-08-23','Brenton','0 Pawling Court','1977-08-11','Male','123-39-2171',1),('2022-06-20','Branton','926 Golden Leaf Center','2014-04-14','Male','454-34-6892',20),('2022-01-20','Dishmon','2 Bluestem Circle','2004-06-18','Genderqueer','766-98-5299',3),('2022-10-23','Arbon','23 Birchwood Parkway','1954-07-02','Female','369-52-6483',6),('2022-06-28','Ricardet','5 Barby Way','1981-07-12','Female','547-79-7612',14),('2022-03-22','Kindell','5 Golf Drive','1958-06-26','Female','277-47-4102',11),('2022-06-08','Comino','980 Esch Hill','1996-10-24','Female','518-12-2690',23),('2022-11-25','Drynan','87 Dunning Crossing','1977-10-22','Polygender','846-55-1289',6),('2022-06-22','Pesak','045 Johnson Avenue','1968-05-24','Polygender','520-04-9212',9),('2022-07-11','Aps','21265 Eagle Crest Point','1958-09-23','Non-binary','541-04-0977',1),('2022-07-21','Antoniou','4 Washington Pass','1974-09-06','Male','698-62-0841',28),('2021-12-07','Hayles','8 Maryland Crossing','2008-05-30','Female','112-71-2728',14),('2022-09-08','Castelluzzi','302 Summit Crossing','1952-03-15','Female','814-93-5905',1),('2021-12-29','Craydon','36481 Homewood Hill','1960-06-23','Male','536-40-7770',17),('2022-06-03','Melloy','6 Iowa Parkway','1963-11-04','Female','687-98-3540',16),('2022-05-05','Rodenborch','2783 Bowman Hill','2012-06-28','Male','381-29-8298',21),('2022-10-24','Wofenden','5006 Hayes Terrace','2022-07-02','Male','882-40-9384',28),('2022-01-15','Corbridge','073 Rockefeller Road','2002-02-22','Female','143-72-4727',25),('2021-12-07','Paschek','6517 Forest Alley','2019-03-17','Male','823-78-2758',27),('2022-01-04','Longworth','0622 Grasskamp Way','2005-09-11','Female','191-48-7392',12),('2021-12-16','Venning','040 Mallory Parkway','1962-01-03','Male','392-15-5021',28),('2022-03-22','Liversedge','59 Garrison Circle','1969-05-16','Female','108-25-3757',18),('2022-02-14','Furmenger','14 Dottie Place','2020-08-09','Polygender','505-59-2349',24),('2022-11-12','Circuitt','3 Morning Center','2021-06-27','Male','159-52-7458',5),('2022-07-01','Speares','2795 7th Park','2004-10-28','Female','405-62-9543',8),('2022-06-23','Hulmes','5 Karstens Junction','1984-11-09','Female','719-57-8695',9),('2022-07-30','Staniford','7613 Rigney Center','2002-04-17','Male','653-69-9417',26),('2022-10-09','Hillburn','914 Cambridge Alley','1990-02-10','Female','132-11-3610',18),('2022-06-15','Maps','34631 Longview Parkway','1989-10-28','Male','555-49-3644',1),('2022-07-27','Durrett','7 Rowland Court','1957-02-05','Female','833-02-7335',30),('2022-11-12','Mudge','218 Susan Way','1989-02-07','Genderqueer','576-39-6082',19),('2022-08-27','Badsworth','39 Dahle Court','1975-08-25','Female','540-11-3637',4),('2022-12-04','Farran','28693 Village Green Hill','1968-10-06','Male','402-37-8105',11),('2022-10-09','Cudbird','10324 Randy Plaza','2017-11-27','Female','346-47-5213',12),('2022-04-01','Arthan','69340 Texas Terrace','1975-01-29','Female','429-32-5455',8),('2022-01-16','Arnison','815 Tennyson Parkway','2021-05-08','Male','486-80-0907',25),('2022-09-03','Dyte','6 Ryan Way','2005-03-16','Female','565-77-5642',7),('2022-08-30','Griffitts','1 Mcbride Terrace','2006-06-12','Female','805-28-2202',28),('2022-02-09','Bizzey','9829 Caliangt Street','2017-01-27','Male','563-87-8782',5),('2022-08-09','Paolone','94859 High Crossing Pass','1984-08-02','Bigender','407-37-2041',14),('2022-04-11','Torrisi','6 Basil Crossing','1958-09-22','Female','729-42-9296',16),('2022-10-07','Presley','4 Waxwing Trail','1981-02-11','Female','715-27-9821',29),('2022-06-23','Liepina','204 Cherokee Pass','1985-07-11','Female','161-43-2273',27),('2022-10-08','Seine','393 Nelson Plaza','2012-11-01','Female','351-08-3482',15),('2022-12-04','Winckle','82 Raven Plaza','1996-04-04','Male','797-45-8758',20),('2022-07-13','Andrelli','61 Gina Lane','1998-09-15','Male','162-66-3264',23),('2022-08-10','Dempsey','0176 Raven Drive','2021-01-28','Female','340-15-3441',26),('2022-08-14','Dallin','13560 Rutledge Pass','2006-10-07','Male','180-44-4912',27),('2022-09-08','Chiddy','7818 Mallard Park','2002-05-11','Female','462-33-8167',22),('2022-04-13','Hinkes','2505 Ridgeview Plaza','1996-04-11','Male','193-99-0672',12),('2022-08-11','Godthaab','49495 Monterey Trail','1957-09-10','Female','239-69-7916',24),('2022-01-03','Leverington','761 Summit Hill','1959-02-28','Male','796-60-2249',22),('2022-11-21','Lennarde','9 Mccormick Center','1960-06-21','Male','659-68-7302',25),('2022-07-05','Fosbraey','29 Maryland Way','1971-08-02','Male','113-21-1314',1),('2022-01-16','Cristoferi','2 Bellgrove Junction','1992-05-02','Female','307-18-5906',20),('2022-11-07','Prott','61 Delaware Center','1988-06-08','Female','441-68-2263',5),('2022-09-17','Storer','47454 Division Street','1983-11-20','Female','426-90-7923',19),('2022-11-10','Pipet','43903 Morningstar Center','2001-09-29','Agender','804-98-2620',4),('2022-04-17','Nangle','1 Dryden Hill','1989-09-24','Female','584-36-7501',10),('2022-08-11','Priditt','7 Shoshone Place','1999-09-17','Male','158-52-2228',16),('2022-08-10','Mularkey','2981 Kinsman Parkway','1988-05-13','Male','206-64-4156',27),('2022-10-10','Pardew','94 Veith Court','1970-10-20','Male','527-43-1569',5),('2022-10-08','Bridgman','053 Mifflin Drive','2017-11-20','Bigender','490-01-1075',18),('2022-04-27','Serfati','27463 Thompson Lane','1971-12-09','Male','709-59-5290',27),('2022-06-15','Basindale','5 Gina Street','2009-01-21','Male','773-62-1048',22),('2022-06-17','Gorusso','58609 Columbus Park','1955-06-08','Female','133-88-5489',27),('2022-06-25','Boxen','94823 Forest Dale Park','1969-11-30','Male','622-47-0615',2),('2022-05-13','Van Bruggen','30 Melrose Junction','2019-11-12','Female','602-20-7142',6),('2022-08-28','Cahalin','275 Stuart Center','1990-06-24','Male','473-25-0671',12),('2022-10-26','Morby','8 Tomscot Circle','2010-03-26','Female','267-42-3623',6),('2022-11-08','Tomala','11800 American Drive','1970-08-14','Female','855-83-9307',26),('2022-11-04','Duddridge','60 Dapin Circle','2008-09-29','Male','789-77-4742',30),('2022-07-01','Haig','1927 Kedzie Junction','1962-01-19','Male','141-47-4336',9),('2022-04-20','Nazer','2268 Warner Road','1985-12-22','Male','546-89-7852',20),('2022-03-14','Staziker','7 Dexter Parkway','2009-02-27','Female','135-76-5314',22),('2022-09-29','Butterfield','513 International Crossing','2012-03-02','Male','794-44-4307',8),('2022-02-14','Durrant','038 Almo Center','2009-09-19','Female','142-10-5391',23),('2022-09-11','McTurlough','84 Dorton Street','2009-06-04','Male','286-22-6048',2),('2022-03-02','McGebenay','4803 Becker Crossing','1994-09-13','Male','282-11-8078',25),('2022-06-06','McNelis','561 Reindahl Point','1967-04-18','Female','509-07-1647',23),('2022-03-19','Heater','219 Johnson Way','1952-03-25','Male','366-54-0440',12),('2022-09-29','Cuschieri','77 Nevada Circle','1959-02-24','Female','356-38-4573',17),('2022-08-30','Liddle','0212 Moulton Terrace','1974-03-21','Male','531-82-8461',15),('2021-12-19','Loreit','33978 8th Road','2016-12-28','Agender','562-25-3643',21),('2022-06-19','Dunderdale','28318 Pine View Pass','1992-09-09','Female','827-03-7087',24),('2022-04-02','Limrick','25571 Esch Center','2017-11-04','Male','871-73-4794',26),('2022-05-20','Thon','27 Crownhardt Court','1991-05-30','Male','663-98-9019',25),('2022-01-13','Gillani','08 Graedel Pass','2022-08-12','Female','454-78-4562',30),('2022-06-18','Loomes','33637 Kropf Alley','1975-07-21','Male','732-16-2216',28),('2022-06-16','Wort','73 Hudson Drive','1983-03-15','Female','367-49-8522',10),('2022-07-19','Fruish','60049 Merchant Point','1999-09-27','Male','228-46-8396',10),('2022-05-02','Bresnahan','57 Susan Place','1972-03-30','Non-binary','831-42-3792',4),('2022-06-19','Fearenside','2189 Scoville Hill','1962-03-26','Male','644-18-3056',26),('2022-01-08','Norcross','048 Oneill Road','1961-10-09','Male','141-15-5985',6),('2022-07-24','Vockings','949 Sugar Plaza','1999-01-20','Female','440-22-7575',9),('2022-09-24','Van Castele','7 Sachs Way','2011-10-29','Male','336-26-2938',8),('2022-02-19','Niles','0242 Lien Place','2009-03-15','Female','218-04-0850',13),('2021-12-09','Keyme','3677 Village Center','1961-03-28','Female','762-41-2316',27),('2022-10-04','Rebanks','4926 Vera Court','2018-08-15','Male','636-87-5721',12),('2022-09-09','Commings','2640 Texas Terrace','1969-02-28','Male','705-26-5623',4),('2022-01-20','McHan','1 Kropf Plaza','1990-12-02','Male','841-68-9281',18),('2022-02-19','Creser','39 Scoville Pass','2006-12-26','Male','737-30-3971',25),('2022-10-16','Sorro','6 Maple Drive','1998-09-14','Male','718-17-5891',13),('2022-10-04','Dean','600 Truax Terrace','1958-09-07','Male','427-96-5457',7),('2022-10-04','Doret','2 Talisman Hill','1997-11-17','Female','716-38-0855',6),('2022-07-25','Iacovone','089 Oak Valley Court','1970-05-20','Male','633-50-0431',17),('2022-07-18','Weatherill','1 Superior Trail','1960-03-17','Female','265-13-5938',22),('2021-12-29','Bareford','3741 Prairie Rose Center','1974-12-17','Male','108-19-7707',14),('2022-10-25','Wainman','699 Barnett Road','2016-10-06','Female','407-86-2160',23),('2022-02-07','Duckwith','8 Talisman Junction','2015-03-11','Male','662-48-2134',21),('2022-02-02','Morville','84086 Crowley Pass','1992-11-17','Female','297-15-7700',28),('2022-04-17','Eadmead','06 Scoville Street','1966-05-18','Female','461-30-2895',12),('2022-07-28','Iozefovich','93097 Oak Street','1955-01-17','Male','546-48-6900',9),('2022-01-06','Caseri','35089 Northland Place','2014-08-27','Male','225-88-5461',8),('2022-02-14','Lamy','6 Hoard Trail','1978-01-15','Female','302-98-1625',16),('2022-04-21','Ysson','113 Monterey Circle','1993-09-04','Male','712-17-0909',1),('2022-08-05','Johnsey','079 Dawn Plaza','1993-06-27','Female','427-30-1019',15),('2021-12-26','Buckenham','158 Riverside Point','2005-07-01','Male','448-83-0174',10),('2022-04-18','Onion','88 Packers Trail','1994-01-12','Genderfluid','452-22-5745',22),('2022-05-26','Bayldon','61870 Stang Trail','1973-02-09','Male','221-43-2861',27),('2022-07-29','Pilmoor','292 Macpherson Lane','2000-06-11','Male','458-28-1997',26),('2022-06-07','McCrillis','27120 Kennedy Alley','2012-02-10','Female','201-37-1270',20),('2022-04-25','Silby','12640 Aberg Street','1979-06-03','Female','407-45-0761',17),('2022-10-15','Tremaine','58 Kedzie Center','1960-12-10','Bigender','639-66-6618',14),('2022-10-18','Bartleet','74 Stephen Road','2006-11-10','Male','165-89-4435',23),('2022-10-05','Bradden','54344 Holy Cross Parkway','2000-04-05','Male','292-11-1708',2),('2022-01-06','Abdon','9 Butternut Way','1983-05-12','Female','669-61-6845',29),('2022-09-19','Vanyushkin','9 Dottie Alley','1987-07-29','Male','380-20-3062',21),('2022-07-20','Gobeaux','23 High Crossing Court','1976-11-23','Male','649-69-7231',24),('2022-08-21','Luckcuck','69 Waubesa Junction','1954-04-21','Genderfluid','640-75-9998',27),('2022-01-01','Knight','5038 Debra Parkway','2010-02-17','Male','591-49-5610',20),('2022-04-06','Lloyd','481 Elgar Way','1958-02-16','Male','114-31-1565',19),('2022-03-09','Ormiston','30 Del Mar Trail','2011-10-06','Female','313-06-2569',14),('2022-12-04','Tuffey','89303 Rusk Street','2015-08-26','Female','860-95-6429',25),('2022-09-14','Grangier','5337 Tomscot Point','1963-01-14','Polygender','746-31-3763',6),('2022-02-19','Mariolle','990 Susan Pass','1962-11-22','Male','688-01-2677',24),('2022-06-17','Creeber','1464 Swallow Way','1997-11-19','Male','792-04-7649',24),('2022-04-30','Ordish','96240 Susan Point','1979-07-12','Male','566-22-8226',7),('2022-04-21','Ondricek','8 Homewood Place','1988-03-31','Female','690-71-9762',7),('2022-08-23','Bayman','48722 Crest Line Crossing','1992-12-20','Female','721-78-1571',6),('2022-03-27','MacPaik','7 Sutteridge Plaza','1961-08-11','Female','112-33-1725',22),('2021-12-15','Koche','1497 Mallory Drive','2009-08-12','Female','522-05-4468',7),('2022-08-12','Broggelli','34 Hoepker Hill','1997-08-16','Female','395-59-1174',4),('2022-01-20','Wyre','95 Manley Pass','2019-06-30','Male','587-11-3667',28),('2022-03-25','McDonell','6 Muir Hill','1998-02-21','Male','106-69-6392',13),('2021-12-12','Sketch','7 Little Fleur Terrace','1965-08-03','Male','425-50-6793',20),('2022-06-23','Lamar','3446 Superior Hill','1993-02-14','Female','680-41-1577',17),('2022-08-18','Dermott','298 Monica Point','2014-02-12','Male','120-15-3148',14),('2022-08-12','Tremoulet','480 Buell Pass','1994-11-30','Male','462-39-3758',15),('2022-08-24','Winch','30 Fremont Trail','2021-02-04','Female','836-81-2570',21),('2021-12-13','McAreavey','13730 Dapin Plaza','1988-05-06','Female','190-07-6093',9),('2022-02-16','Thomen','4 Bultman Trail','2011-07-04','Female','257-80-1086',30),('2022-06-07','Sharer','42 Bunker Hill Parkway','2011-01-22','Genderqueer','183-37-9888',15),('2022-07-22','Bony','9279 Miller Alley','1962-03-19','Female','408-33-6247',18),('2022-05-17','Rannald','364 Hoffman Junction','1992-02-27','Female','232-27-5941',7),('2022-09-29','Haysom','20420 Hayes Place','2017-04-30','Male','632-37-5744',11),('2022-10-17','Hutable','85860 Vermont Road','1988-12-05','Male','527-58-2298',24),('2022-05-02','Huburn','7 Orin Point','1989-11-03','Male','802-67-9220',26),('2022-05-23','Jarret','27213 North Trail','2011-03-25','Female','142-82-6976',29),('2022-05-19','Tankin','64 Maple Avenue','1952-10-26','Male','568-99-7866',24),('2022-03-21','Pimme','1399 Golden Leaf Trail','1955-08-04','Genderfluid','131-04-6719',21),('2022-07-01','Paulon','74015 Hanson Terrace','2007-12-26','Male','122-59-7694',3),('2022-10-16','Sille','04 Clyde Gallagher Plaza','2018-01-12','Female','416-07-3351',1),('2022-01-28','Auletta','12 Browning Alley','1961-04-27','Female','379-59-7626',10),('2022-02-22','Carlick','9 Hauk Street','2000-04-18','Male','889-74-0712',3),('2022-12-01','Attrie','04 Charing Cross Lane','1953-05-12','Female','278-92-4306',22),('2021-12-19','Clemanceau','44 Mayfield Pass','1967-05-01','Male','737-63-1208',1),('2022-09-04','Pointon','1967 Anniversary Parkway','1988-12-19','Female','878-76-3440',3),('2022-09-27','Renyard','2 Kingsford Pass','1978-08-22','Genderfluid','819-28-0626',12),('2022-03-05','Kneath','550 Parkside Circle','1990-11-13','Female','641-44-9037',23),('2022-02-17','Caught','736 Eagan Lane','2019-02-17','Male','784-62-7419',7),('2022-09-17','Marchelli','0722 Clemons Road','1961-10-01','Female','268-55-0450',23),('2022-11-18','Sommersett','18 Havey Hill','1985-02-26','Male','203-56-2576',21),('2022-08-25','Goodsall','13 Eagan Pass','2016-04-17','Male','659-30-7487',21),('2022-04-03','Eustace','777 Dwight Park','2020-08-31','Female','142-40-7616',7),('2022-07-26','Brelsford','3256 Melody Court','2000-12-04','Male','450-73-2235',29),('2022-10-06','Bodman','9823 Havey Point','1998-01-16','Male','517-69-1125',27),('2022-06-04','Pietruszewicz','84166 Haas Lane','1995-05-17','Female','836-01-3608',1),('2022-11-30','Houlahan','15819 Dawn Court','1978-12-02','Female','232-57-4197',10),('2022-04-28','Skirven','453 Eagan Crossing','2016-06-30','Male','300-42-1562',26),('2022-02-19','Orta','2 Warner Point','2006-06-12','Female','579-37-7450',26),('2022-01-30','Breton','74463 Annamark Trail','1966-10-28','Genderfluid','891-54-2705',17),('2022-04-17','Jaffray','8 Northport Place','2005-05-04','Female','892-73-8698',12),('2022-10-18','Keene','7 Cordelia Court','1992-12-25','Genderqueer','423-93-9467',1),('2022-08-03','Cescot','86101 Tony Place','2022-10-02','Male','772-95-1524',15),('2022-04-26','Melsome','2814 Monterey Lane','1973-06-29','Male','185-18-3544',20),('2022-06-01','Trassler','427 Delladonna Park','1985-07-15','Female','471-70-4018',22),('2022-03-02','Reinbech','21 Garrison Place','1953-09-26','Male','429-11-5854',22),('2022-03-31','Gabbot','9 Bartelt Avenue','2000-12-03','Male','712-42-3793',5),('2022-10-22','Hothersall','47959 Old Shore Trail','1983-08-13','Male','465-50-0684',21),('2022-05-20','Yukhnin','528 Thackeray Lane','1965-10-16','Male','331-73-2800',19),('2022-09-08','Garraway','55016 Dakota Avenue','1980-12-07','Polygender','321-74-4491',14),('2022-07-17','Mordin','0648 Bluestem Park','1976-07-29','Male','540-21-1797',19),('2022-06-25','Deakes','91 Parkside Parkway','1989-08-29','Female','744-70-3490',17),('2022-07-28','Creebo','76 Hansons Center','2005-02-03','Female','392-93-7818',8),('2022-05-29','Bereford','855 Packers Avenue','1964-08-04','Female','636-38-1128',5),('2022-07-12','Merrien','280 Bellgrove Trail','2008-06-01','Male','841-73-6071',17),('2022-03-21','Kent','4 Nevada Road','2021-12-31','Bigender','386-39-7365',29),('2022-02-28','Heaney`','929 Porter Terrace','1968-11-23','Male','371-30-6533',9),('2022-01-04','Matei','3 Magdeline Lane','1968-06-15','Male','285-60-0864',29),('2022-07-12','Dilley','26762 Stang Center','1971-01-05','Genderqueer','668-98-7371',3),('2022-07-26','Bolter','5288 Jay Point','1951-12-05','Female','549-50-1471',10),('2022-09-24','Snepp','581 Gale Park','1979-04-21','Female','574-93-5393',19),('2022-10-09','Poge','4 Steensland Avenue','1980-03-12','Female','197-97-4422',12),('2022-05-04','Thebeaud','387 Judy Plaza','1956-02-23','Male','620-74-5943',8),('2022-05-13','Pollins','751 Farmco Place','2008-08-11','Female','330-47-0508',2),('2022-10-09','Dartnell','70437 Golden Leaf Court','1983-09-30','Male','342-29-7550',12),('2022-02-11','Alliott','3099 Village Green Crossing','1956-06-28','Female','556-49-3565',6),('2022-12-02','Milmore','6 Summerview Street','1964-07-21','Female','297-96-5390',30),('2022-07-17','Mackro','281 North Center','1960-06-14','Female','553-85-1522',25),('2022-10-02','Warrick','4 Sutteridge Point','2011-01-29','Male','694-85-8487',2),('2022-01-01','Braikenridge','88 Village Center','2019-05-09','Female','658-60-1578',20),('2022-06-19','Kalkofen','0 Rigney Point','1954-03-28','Female','269-78-5614',14),('2022-05-21','Beinke','478 East Circle','1962-04-22','Female','184-78-0003',4),('2022-06-27','Clewarth','46 Waywood Court','2014-11-16','Male','830-44-4731',6),('2022-02-07','Wallbank','5560 La Follette Pass','1977-06-04','Male','504-56-4228',19),('2022-10-21','Hiscoe','6414 Thierer Way','1964-12-26','Male','383-39-3081',11),('2022-05-08','Ellgood','5126 Carberry Way','1967-08-29','Female','762-98-1541',7),('2022-10-22','Fearne','16195 International Avenue','1962-04-10','Male','413-49-6134',15),('2022-04-24','Denisovich','69911 Northridge Center','1973-03-29','Female','683-16-8312',26),('2022-11-17','Littell','73739 Sachs Circle','1970-07-24','Female','323-87-9633',19),('2022-04-13','Castleman','1197 Veith Drive','1995-03-18','Female','162-32-5750',17),('2022-07-27','Sayer','1 Macpherson Circle','1991-02-27','Non-binary','781-19-8381',18),('2022-06-20','Hutten','19 Jackson Point','1990-12-24','Female','495-59-7278',7),('2022-11-30','O\'Geaney','53852 Sugar Park','1952-03-29','Female','738-26-6612',29),('2022-08-12','Hawkslee','1 Del Mar Terrace','1986-12-17','Male','537-86-1777',6),('2022-10-28','Gilardone','648 Golf Course Street','1952-03-23','Female','447-20-3249',11),('2021-12-17','Boxhill','36 Arrowood Pass','2003-02-12','Male','144-54-6341',7),('2022-01-23','McQuaide','700 New Castle Lane','1959-08-06','Polygender','663-57-1192',14),('2022-05-26','de la Tremoille','1 Arapahoe Pass','1962-02-04','Female','469-59-8786',4),('2022-08-06','Vasyukhnov','749 Fuller Lane','2021-06-13','Male','224-69-8991',21),('2022-06-07','Parsand','8 Clove Pass','1995-11-07','Non-binary','391-42-7586',8),('2021-12-15','Toffoletto','3095 Lillian Place','1961-05-13','Male','167-04-5493',18),('2022-12-04','Kinlock','8716 Grayhawk Terrace','1988-05-19','Male','361-30-8122',20),('2022-01-06','Kinsley','17 Mallory Alley','1953-01-20','Male','585-22-7531',2),('2022-10-06','Garman','3 Forest Street','2015-12-31','Male','822-92-6185',7),('2022-07-05','Ortet','4 Kinsman Drive','1971-06-15','Female','541-47-0804',30),('2022-01-06','Jirusek','87 Knutson Avenue','2015-12-07','Female','225-25-8804',9),('2022-01-31','Furmonger','51566 Prentice Crossing','2018-08-17','Male','260-51-1147',10),('2022-06-13','Grindle','0 Dexter Circle','1987-11-05','Male','267-99-1279',10),('2021-12-08','Foch','4722 Anthes Center','2020-01-05','Female','872-36-0049',16),('2022-01-08','Bruckental','976 East Way','1986-01-29','Bigender','314-61-6085',18),('2022-12-05','Coarser','4043 Marcy Junction','2012-07-09','Female','359-47-0264',4),('2022-02-23','Boss','0386 Gulseth Terrace','1972-04-26','Male','863-50-1052',6),('2022-10-16','Nanuccioi','81346 Clarendon Circle','2017-06-12','Female','236-33-7311',15),('2022-11-20','Varndall','8767 Bartelt Way','1976-04-03','Agender','806-35-3258',29),('2022-07-20','Rowth','1 Westerfield Parkway','1993-04-26','Male','877-90-7054',19),('2022-06-02','Gorden','20 Nevada Street','1968-07-01','Male','399-08-9788',25),('2022-04-05','MacPeice','42511 Rieder Lane','1993-10-22','Male','326-86-4175',20),('2022-11-03','Koba','55 Lyons Hill','2020-09-24','Polygender','348-63-8101',15),('2022-06-30','Corness','763 Huxley Trail','1973-03-10','Male','110-81-4915',13),('2022-05-19','Ilchenko','9647 Westerfield Road','1983-03-17','Male','338-43-4438',12),('2022-09-15','Roocroft','05543 West Point','1985-03-17','Male','255-52-7201',30),('2022-12-04','Conyers','954 Sutteridge Junction','2014-08-03','Genderqueer','395-61-6539',30),('2022-09-10','Andersson','36 Scofield Junction','1975-03-15','Female','171-12-2759',15),('2022-11-05','Oliveira','7 Riverside Street','2020-08-13','Male','344-46-2656',1),('2022-10-30','Bartkiewicz','671 Forest Dale Point','1987-04-02','Genderfluid','781-52-1890',8),('2022-05-08','Godber','01838 Armistice Junction','1966-07-01','Male','357-53-0134',27),('2022-08-28','Feaveryear','264 Fisk Street','1974-12-04','Female','733-71-0237',20),('2022-10-23','Greep','6022 Farragut Drive','1975-01-12','Female','440-58-7638',6),('2022-11-29','Kitchingman','64042 Starling Plaza','1986-03-19','Female','179-61-8899',3),('2022-08-10','Gilhouley','52 Ridgeview Pass','1986-12-03','Male','578-34-4576',28),('2021-12-17','Braidon','24382 American Ash Parkway','2022-09-03','Female','485-64-4760',20),('2022-06-12','Brimham','17 Kedzie Way','1989-03-06','Male','348-57-7548',11),('2022-09-18','Torbet','8 Memorial Hill','2016-02-14','Female','240-80-1530',10),('2022-06-03','Sambiedge','95124 Darwin Court','2021-01-28','Male','129-61-9645',24),('2022-10-29','Andrivel','9107 Banding Junction','1968-04-19','Male','769-83-8108',19),('2022-04-27','Dillistone','770 Fairview Park','1957-12-19','Male','475-14-3062',27),('2022-11-13','Overell','2 Prentice Road','2006-03-19','Male','534-65-8657',27),('2022-05-21','Couzens','6160 Evergreen Alley','1961-06-07','Female','868-24-2520',28),('2022-08-20','Hofler','99747 La Follette Plaza','1991-04-26','Agender','845-84-6952',18),('2022-02-01','Duthie','40088 2nd Crossing','1982-06-04','Male','272-18-1171',15),('2022-04-24','Hordle','495 Bowman Court','1962-09-27','Female','281-43-8353',1),('2022-05-31','Jones','0 Colorado Road','1988-01-04','Non-binary','189-17-5117',8),('2022-10-12','Juleff','9324 Riverside Center','1965-11-08','Male','435-12-6464',1),('2022-06-10','Castlake','8 Killdeer Center','2007-04-10','Polygender','612-04-1806',15),('2022-08-30','Sawart','36452 Golden Leaf Terrace','1953-07-12','Male','771-93-6472',18),('2022-11-20','Heijne','0189 Hayes Park','1999-10-06','Agender','763-98-8602',4),('2022-02-23','Elger','7139 Eggendart Park','2020-06-10','Male','247-66-4441',6),('2022-08-12','Biddleston','44 Havey Alley','1965-11-21','Female','329-10-2828',17),('2022-10-29','Thickpenny','62068 Randy Crossing','1966-04-04','Female','167-37-0476',2),('2022-09-08','Magson','2 Grasskamp Junction','1956-07-05','Male','151-55-0951',5),('2022-10-23','Wimp','727 Riverside Street','2015-01-31','Female','354-85-9984',20),('2022-09-07','Bursnell','54942 Maple Wood Hill','1954-08-13','Male','544-48-1853',14),('2022-09-07','Swinerd','56 Stang Terrace','1988-03-22','Male','699-79-7715',1),('2022-01-04','Heber','912 Ludington Pass','1983-05-09','Male','141-88-2321',3),('2022-07-16','Shafe','602 Pond Drive','1964-03-17','Male','817-95-2508',7),('2022-01-06','Beamish','35106 Susan Terrace','1958-04-09','Male','883-36-1981',15),('2022-09-14','Midlane','1 Lyons Court','2006-04-18','Female','529-99-1778',13),('2022-05-21','Brugden','07 Barby Hill','2001-11-15','Female','729-72-2939',15),('2022-03-14','Crocumbe','655 Coolidge Way','1977-05-23','Male','342-19-3312',27),('2022-09-09','Innwood','89 Butternut Center','1989-03-28','Male','228-99-7162',15),('2022-05-06','Scapens','0115 Carberry Lane','2007-10-28','Female','514-87-5020',24),('2022-04-25','Pohling','54 Comanche Crossing','1984-04-05','Agender','558-22-7466',6),('2022-02-17','MacDuff','9773 Rutledge Parkway','1996-04-23','Female','668-49-1934',11),('2022-03-27','Stanfield','64487 Amoth Place','1958-03-11','Male','753-77-6821',21),('2022-03-06','Cargenven','290 Annamark Junction','1966-03-05','Female','399-91-6528',9),('2022-06-30','Cornbell','1281 Redwing Crossing','1973-09-29','Female','254-21-8148',21),('2022-07-29','Brightling','6144 Waywood Circle','1962-05-28','Female','778-92-3543',14),('2022-10-29','Tomeo','75219 Farragut Parkway','2015-11-22','Male','340-93-8198',30),('2022-07-07','Weaving','8 Eagan Place','1978-09-10','Male','266-58-1416',23),('2022-08-06','Galbreth','0 Oakridge Point','1976-03-08','Female','313-43-4727',30),('2022-10-01','Crock','71434 Fairfield Lane','2021-08-09','Female','640-31-2326',25),('2022-06-11','Twidale','83611 Ohio Court','1977-02-27','Male','365-87-7528',20),('2022-12-06','Spurriar','19 Mockingbird Road','1982-06-05','Male','667-18-8133',25),('2022-06-13','Murby','5599 Burrows Pass','1989-09-25','Female','504-71-0038',4),('2022-01-07','Crumbie','54188 Kinsman Drive','1965-05-29','Male','736-57-5412',7),('2022-06-02','Malicki','4983 Arapahoe Parkway','1982-11-30','Male','649-15-0176',14),('2021-12-26','Gurling','4136 Crowley Park','1992-01-29','Male','860-12-0403',2),('2022-04-21','Brenstuhl','840 Mariners Cove Center','1975-04-11','Male','462-38-6251',3),('2022-03-25','Corry','44268 Independence Hill','1983-07-03','Agender','674-56-7910',2),('2022-09-25','Diable','04 Kropf Pass','1973-03-04','Male','363-96-3009',1),('2022-02-26','Goford','488 Mockingbird Pass','1996-08-25','Male','179-31-3236',6),('2022-09-11','Atthow','910 Hoepker Point','2012-06-23','Female','489-62-9133',26),('2022-04-28','Aynsley','147 Rockefeller Trail','1959-09-25','Female','809-54-8003',13),('2022-09-06','Fetherstan','06418 Prairieview Center','1959-07-24','Female','339-66-0166',15),('2022-11-20','Cruickshank','85 Carioca Circle','2011-03-29','Male','883-05-1417',10),('2022-11-28','Shoulder','5 Chinook Street','1960-06-06','Female','247-93-7645',23),('2022-09-04','Normavell','087 Bowman Terrace','1955-04-05','Male','266-26-6141',7),('2022-05-09','Mulvy','7 Rowland Alley','1996-06-12','Female','447-09-6126',16),('2021-12-09','Camelia','3 Meadow Valley Street','2012-02-13','Genderfluid','687-01-8614',14),('2022-02-22','Goodered','3370 Columbus Avenue','1989-11-20','Male','862-20-1131',8),('2022-11-20','Orehead','08 Moland Way','1983-03-28','Female','233-15-2611',4),('2022-09-02','Burdass','5829 Carpenter Junction','1968-09-22','Polygender','561-07-9687',26),('2022-09-21','Shekle','30 Cambridge Pass','1995-11-08','Female','870-16-9085',29),('2022-01-27','Gwinnel','1680 Rigney Parkway','1972-02-24','Female','207-92-4301',26),('2022-02-27','Hanse','9044 Dawn Street','1976-04-21','Female','869-49-1236',9),('2022-01-29','Spurrior','613 Mcguire Point','2013-03-24','Male','704-72-0822',24),('2022-03-08','Elloy','307 Manufacturers Hill','1967-10-11','Female','715-89-4814',24),('2022-04-07','Dimock','8574 Hallows Lane','1962-10-08','Male','873-13-3730',29),('2022-09-07','Caroline','427 Ridgeview Court','2000-02-04','Male','356-98-4018',14),('2021-12-20','McMenamie','21042 Garrison Way','1957-12-27','Bigender','598-17-6395',7),('2022-09-17','McKew','90401 Pearson Parkway','2014-04-07','Female','672-79-5115',10),('2022-02-28','Grandisson','00144 Southridge Street','2014-09-15','Male','254-71-8597',8),('2022-03-24','Casse','7378 Northfield Park','1978-12-26','Male','447-66-8332',24),('2022-02-10','Conley','6 Washington Park','2010-09-12','Female','857-72-4703',14),('2022-11-14','Bonas','3887 Veith Drive','1956-04-02','Male','103-28-1729',26),('2022-04-03','Searles','97297 Stephen Circle','2012-08-03','Female','318-17-3754',25),('2022-09-20','Leat','65 Clarendon Plaza','1961-09-23','Male','190-18-8849',18),('2022-09-13','Martygin','2779 Hermina Street','2005-12-02','Male','215-23-6091',8),('2022-09-05','Beardon','79 Oak Street','2017-08-27','Male','749-18-7881',6),('2022-02-12','Goldthorp','373 Huxley Drive','1997-08-28','Female','414-59-4194',19),('2022-08-26','Vedenisov','871 Schurz Way','1970-04-29','Genderqueer','365-05-5075',8),('2022-05-11','Iglesia','660 Forest Crossing','2000-09-13','Male','465-93-2426',13),('2022-05-17','Lemar','7860 Bluejay Parkway','2022-08-27','Female','571-96-2835',10),('2022-09-14','Woodward','1 American Lane','1997-07-27','Female','249-59-9368',5),('2022-09-22','de Copeman','17 Fisk Court','1999-09-14','Male','712-62-3840',29),('2022-08-22','Physic','078 Mallory Trail','1992-03-17','Female','207-03-1079',14),('2022-07-30','Awde','26362 Debra Way','1973-05-19','Male','860-94-6343',23),('2022-03-05','Cookes','5 Onsgard Terrace','1988-11-14','Male','763-44-8842',4),('2022-08-03','Baish','1 Eagan Drive','1964-06-20','Female','815-87-9890',9),('2022-05-07','Doumerc','2296 Rigney Crossing','2021-12-10','Genderqueer','205-25-1460',26),('2022-11-08','Karlicek','7 Emmet Lane','2002-04-05','Female','659-49-6956',13),('2022-03-12','Bryan','8989 Comanche Court','1979-01-11','Female','613-29-3424',24),('2022-02-22','Hughland','99 Mayer Parkway','2011-02-02','Bigender','266-71-5167',29),('2022-04-24','Hudson','492 Roxbury Drive','2017-07-01','Male','657-04-4194',28),('2021-12-25','Brason','054 Aberg Parkway','2009-08-06','Female','733-26-7467',1),('2022-05-11','Bescoby','729 Dovetail Street','1991-01-08','Male','140-34-2097',8),('2022-07-10','Heaselgrave','905 Kings Lane','1955-10-03','Male','882-71-2284',26),('2022-01-12','Skipworth','83262 Gerald Place','1981-11-20','Male','106-15-7409',10),('2022-03-25','Genthner','3 Colorado Plaza','2022-01-09','Male','101-56-1917',13),('2022-03-14','Duchart','49 Merry Place','1972-05-14','Non-binary','854-19-6958',4),('2022-01-24','Eidler','5996 Sachs Trail','1992-06-11','Female','500-88-6457',30),('2022-01-04','Drynan','86969 Dexter Hill','2004-08-03','Female','439-36-0707',3),('2022-06-17','Slocum','1 Buhler Parkway','1987-08-04','Male','341-98-3608',10),('2022-02-22','Airdrie','05 Cordelia Way','1952-05-13','Male','268-41-3143',14),('2022-07-27','Scutter','03 Annamark Crossing','1993-10-26','Female','762-57-5592',9),('2022-11-02','Sawart','19380 Chive Way','1999-11-23','Female','140-02-0352',29),('2022-05-12','Patshull','612 Waubesa Place','1959-11-24','Male','215-96-5214',16),('2022-02-01','Stenhouse','801 Doe Crossing Hill','1991-12-21','Female','247-74-0190',21),('2021-12-31','Bolam','080 Pankratz Junction','2008-10-17','Male','288-77-9004',4),('2022-09-19','Tirone','76 Becker Junction','1958-02-10','Male','245-97-7109',29),('2022-10-11','Durnin','8686 Scofield Crossing','2010-09-15','Female','163-50-5884',25),('2022-07-31','Norgan','9 Clyde Gallagher Park','1981-04-24','Bigender','455-57-3000',27),('2022-03-05','Tripett','85 Hansons Point','1976-04-29','Male','396-41-6930',22),('2022-11-23','Corday','7402 Spaight Point','2005-10-12','Male','366-63-1690',18),('2022-01-08','Redit','1 Holmberg Crossing','1990-04-21','Male','346-19-7858',29),('2021-12-14','Pymm','65 Longview Pass','1972-09-14','Female','709-42-0931',28),('2022-09-01','Willatts','98231 Scott Terrace','2004-04-16','Male','525-06-9965',25),('2022-06-18','Bowser','72182 Memorial Avenue','2022-07-08','Female','270-54-5477',1),('2022-07-30','Northover','04 Gateway Street','1996-05-23','Female','537-10-3337',28),('2022-01-22','Perrot','21 Hollow Ridge Trail','2011-04-18','Female','621-24-3183',3),('2022-01-17','Vallentin','8872 Grasskamp Center','2004-04-26','Female','603-51-3210',28),('2022-05-14','Dowdam','8 Scoville Crossing','1965-02-24','Female','121-08-0563',25),('2022-12-01','Whisby','8914 Vernon Crossing','2018-02-26','Female','168-04-4131',8),('2022-02-01','ducarme','9774 Schlimgen Alley','2003-04-12','Male','812-84-3647',22),('2022-11-18','Wickman','73 Eagle Crest Road','1965-03-22','Female','310-30-4723',19),('2022-06-11','Kleinhausen','9 Northport Pass','2009-09-29','Male','176-92-3019',13),('2022-04-26','St. Leger','6 Buena Vista Drive','1991-04-19','Bigender','711-25-3868',4),('2022-10-30','Finlayson','392 Darwin Drive','1972-12-10','Male','792-45-1148',3),('2022-08-19','Gosnold','171 Shoshone Drive','2005-05-05','Male','407-11-7508',24),('2022-03-29','Tonnesen','1 Hanson Terrace','1996-02-22','Female','705-21-2612',3),('2022-05-24','Rowen','8442 Stephen Avenue','1994-01-10','Male','585-06-5775',17),('2022-07-26','Dohmann','866 Westend Crossing','1951-05-10','Male','572-39-0339',7),('2022-11-12','Dulany','62709 Luster Parkway','1968-10-26','Male','774-90-5967',8),('2022-01-04','Coppeard','526 Ohio Parkway','1951-12-13','Male','821-54-8207',11),('2022-11-27','Peartree','60 Dawn Parkway','1973-03-15','Male','659-85-1092',21),('2022-08-03','Loweth','96492 Dottie Crossing','1995-12-16','Male','312-15-8374',10),('2022-07-26','Paolinelli','57 7th Road','2007-01-06','Genderfluid','414-06-4070',6),('2022-11-16','Regler','7 Ridge Oak Hill','1982-02-26','Male','153-10-7685',13),('2021-12-16','Dray','0393 Wayridge Crossing','1998-06-13','Female','694-93-6610',12),('2022-04-25','Downing','96 Portage Trail','1955-06-16','Non-binary','309-56-5510',5),('2022-04-19','Kondrat','47478 Susan Pass','1958-03-08','Female','787-04-1651',30),('2022-07-15','Scritch','1003 Sullivan Crossing','2022-11-15','Agender','482-22-4140',20),('2022-01-03','Hunnaball','583 Mcguire Parkway','1998-06-28','Male','376-98-8035',5),('2022-02-20','Aleshkov','194 Surrey Hill','1973-07-14','Female','783-02-1730',29),('2022-11-09','Arnaldi','9213 Fuller Center','1958-03-26','Male','547-19-9518',12),('2022-05-14','Izakovitz','3 Esch Point','1967-10-03','Agender','692-85-5511',8),('2022-02-12','Skayman','13 Canary Parkway','2016-11-10','Female','223-97-2113',27),('2021-12-24','Saiger','7 Dennis Alley','1993-09-27','Male','246-83-5575',19),('2021-12-23','Roles','157 Sage Crossing','2005-04-21','Male','434-51-2257',6),('2022-09-18','McColm','463 Almo Terrace','1980-02-21','Female','174-32-7322',24),('2022-05-18','Beccles','821 Mitchell Parkway','1955-08-11','Female','351-68-7790',27),('2022-02-01','Bartoszewicz','433 Hudson Junction','1995-04-23','Male','728-74-1749',18),('2022-10-25','Caverhill','90 Starling Drive','1955-11-29','Non-binary','227-17-8926',12),('2022-12-03','Hector','6395 Express Center','1992-09-14','Male','283-04-1873',4),('2022-02-02','Howroyd','4408 Moose Alley','1960-08-28','Male','752-05-5015',14),('2022-09-02','Farncomb','9308 Monument Trail','1958-11-24','Polygender','403-50-8226',26),('2022-10-10','Hosburn','16079 Lakewood Alley','1973-01-28','Female','384-64-7978',12),('2022-11-12','Severs','8736 Old Gate Street','1984-07-18','Male','719-07-6067',21),('2022-05-09','Detoc','773 Kinsman Avenue','2021-05-29','Male','692-21-7133',10),('2022-03-31','Naptin','1 Sheridan Crossing','1960-02-23','Bigender','767-11-6690',1),('2022-08-30','Fearick','6796 Debs Drive','1976-02-16','Female','460-63-7922',30),('2022-03-03','Olivas','23226 Nancy Road','2003-09-11','Female','650-98-1222',4),('2022-01-31','Yakov','54197 Carey Trail','2012-05-01','Female','234-42-0409',29),('2022-01-24','Hanham','88 Carberry Park','2002-02-03','Female','758-95-5079',4),('2022-09-15','Andriessen','1784 Holy Cross Alley','1985-07-28','Male','778-83-9136',29),('2022-10-24','Burry','105 North Junction','2012-08-07','Male','530-53-7712',9),('2022-08-26','Barter','9642 Erie Circle','1991-12-13','Male','346-94-4064',5),('2022-06-21','Lamping','5 Muir Trail','1966-06-30','Female','612-24-3865',14),('2022-06-04','Nials','78 Mccormick Junction','1966-06-07','Female','359-95-0366',14),('2022-08-08','Stonuary','3 Holmberg Hill','1988-08-05','Genderfluid','246-38-6097',15),('2022-02-22','Kester','00230 Pond Park','2018-08-25','Male','287-91-0835',4),('2022-03-27','Mallard','190 Summer Ridge Road','1993-04-18','Female','303-67-6291',8),('2022-06-12','Wheelhouse','76695 Florence Parkway','1957-07-07','Polygender','100-83-7280',4),('2022-03-04','Dunning','47 Petterle Alley','1956-09-03','Female','766-30-1536',3),('2021-12-17','Enderlein','9 Twin Pines Terrace','2012-01-28','Female','126-62-8832',5),('2022-10-15','Olyet','381 Magdeline Drive','2007-12-27','Female','728-62-0868',21),('2022-07-12','Whitman','0128 Melrose Park','1961-06-02','Female','530-79-9659',4),('2022-03-09','Licence','678 Bayside Center','2004-11-24','Male','471-64-6961',30),('2022-01-22','Willmer','98 Eagle Crest Avenue','1967-04-09','Male','271-58-0159',5),('2022-09-22','Lightollers','65598 Lunder Alley','1972-07-01','Female','620-80-6898',25),('2022-07-26','Roo','0593 Crownhardt Pass','1993-12-17','Female','522-30-9106',21),('2022-04-10','Arro','42689 Grasskamp Drive','2001-01-19','Male','832-66-4085',14),('2022-11-13','Speight','4 Barby Road','1980-10-26','Male','293-24-7581',9),('2022-11-15','Hapke','02886 Anhalt Junction','2013-02-04','Male','256-31-4421',17),('2022-11-26','Frogley','2 Waxwing Hill','1992-12-10','Genderfluid','210-23-6074',20),('2022-03-11','Shuter','4440 Nobel Way','1973-07-20','Female','688-31-0371',25),('2022-10-14','Revens','29479 Scoville Pass','1958-06-21','Female','613-78-1876',10),('2022-02-26','Glasby','34480 Schmedeman Alley','2015-03-28','Female','488-61-0942',11),('2022-10-25','Andreacci','61118 Dottie Crossing','2010-05-12','Female','636-30-9213',19),('2022-12-02','Graalmans','5 Duke Road','1983-03-17','Female','854-30-5287',16),('2022-02-09','Pitkins','35476 Dakota Center','1962-06-05','Agender','590-37-0946',29),('2022-01-03','Guerreiro','2579 Cottonwood Pass','1994-06-07','Female','129-15-4184',19),('2022-04-08','Boord','9815 Chive Trail','1981-08-07','Female','703-96-7292',3),('2022-04-17','Mayho','496 Duke Court','1973-10-11','Male','460-54-1798',10),('2022-03-04','Chadwin','8 American Ash Point','1983-10-09','Male','744-54-9741',27),('2022-03-30','Venard','4 Lindbergh Drive','1987-02-22','Female','836-86-5960',19),('2022-02-14','Cordoba','77 Rieder Plaza','1988-08-04','Male','771-02-4238',13),('2022-11-12','Grimsditch','8959 Aberg Avenue','1961-07-29','Genderfluid','658-11-9764',16),('2022-01-19','Manthorpe','6978 Nelson Plaza','2000-04-03','Genderqueer','687-13-7357',23),('2022-07-01','Daintry','178 Bunker Hill Junction','2005-03-11','Female','261-58-7760',10),('2022-08-09','Deackes','1 Namekagon Alley','1963-04-30','Male','624-87-8993',30),('2022-08-13','Elleyne','8 Burrows Trail','2006-09-11','Male','548-53-9413',28),('2022-04-14','Shea','86324 Montana Trail','2020-09-01','Male','400-72-3327',8),('2022-03-12','Sweetmore','1311 Linden Terrace','2015-03-02','Female','873-66-1235',19),('2021-12-16','Snoxill','669 Sheridan Center','2001-06-26','Male','311-28-4219',29),('2022-04-08','Souter','6090 Esker Hill','1973-08-29','Male','860-18-7952',23),('2022-04-22','Cristofaro','71033 Mockingbird Road','2017-09-02','Male','396-97-4194',7),('2022-04-21','Chritchlow','34380 Shasta Terrace','2021-01-17','Male','355-98-4094',24),('2022-07-18','Duberry','704 Esker Alley','1997-01-24','Male','331-03-3259',11),('2022-09-10','Eirwin','79599 Caliangt Lane','1994-09-29','Female','450-84-8994',11),('2022-11-10','Goude','773 Grayhawk Pass','1962-01-06','Female','339-59-3490',14),('2022-11-28','Conigsby','3076 Melrose Alley','2017-03-20','Male','295-03-7584',10),('2022-06-15','Radbourne','19693 Anniversary Place','1982-06-16','Male','476-70-2942',27),('2022-07-25','Boylan','4 Westerfield Circle','2014-10-09','Female','285-38-7948',9),('2022-04-05','Croux','66636 Rutledge Way','1999-01-06','Male','426-52-3444',12),('2022-10-02','Pinnere','33431 Fuller Place','1969-07-13','Female','236-18-6707',12),('2022-05-10','Whiteman','586 Anniversary Lane','2013-03-29','Female','436-93-4249',28),('2022-03-09','Batterton','27956 Calypso Road','2014-07-26','Genderqueer','398-43-8712',13),('2022-04-03','Onn','92 Lakeland Park','1990-04-30','Male','657-22-0736',26),('2022-03-04','McGilleghole','2 Loftsgordon Circle','1978-05-20','Male','798-81-6536',3),('2022-05-22','Kellough','7975 Nevada Pass','1972-11-30','Male','342-09-0554',6),('2022-03-28','Krollman','99872 Merry Parkway','1970-03-12','Male','580-29-9590',30),('2021-12-27','Gannicott','05 Northridge Parkway','1999-05-11','Female','664-32-1509',3),('2022-09-30','Merkle','7562 Summer Ridge Terrace','1987-12-29','Male','395-91-0981',14),('2022-04-27','Formigli','270 Fisk Terrace','2001-09-06','Male','701-13-6279',22),('2021-12-16','McBride','4739 Pankratz Junction','2015-07-11','Male','800-60-5164',11),('2022-09-25','Manueli','56 Bartillon Pass','1980-05-17','Female','216-27-9159',1),('2022-01-29','Mobley','805 Barnett Point','1962-04-09','Male','497-17-0906',17),('2022-05-25','Fielding','61 Helena Park','2016-04-09','Male','690-29-5201',5),('2022-10-19','Trundle','80 La Follette Parkway','1985-02-22','Female','308-62-5193',11),('2022-07-03','Loughlan','170 Barby Center','1957-09-20','Male','126-44-3350',6),('2022-06-14','Yannoni','40916 Lyons Court','1992-04-17','Female','371-27-9963',24),('2022-08-11','Pichmann','84 Johnson Hill','1988-09-12','Male','314-94-9814',22),('2022-06-11','Satterfitt','315 Banding Drive','2016-05-10','Male','808-34-8286',20),('2021-12-14','Scutchings','28221 Golf Course Alley','1956-02-27','Male','221-25-3904',17),('2022-06-13','Forrest','4205 Doe Crossing Circle','1955-08-23','Female','574-19-6051',4),('2022-06-14','Suart','9438 Nelson Center','1968-07-02','Female','225-49-5845',12),('2022-03-28','Poulter','2 Raven Place','2018-06-28','Female','797-89-6871',29),('2022-11-13','Wathen','6 Jackson Place','1991-11-07','Polygender','416-35-0441',17),('2022-07-27','Waite','36 Mcbride Point','2000-03-12','Female','320-10-5722',4),('2021-12-29','Redier','744 Calypso Avenue','1972-01-31','Female','383-27-9652',7),('2022-02-10','Rudland','281 Waxwing Hill','1974-08-04','Agender','210-01-2426',22),('2022-07-05','Dobel','46 Scofield Court','2011-11-17','Agender','163-63-5608',18),('2022-02-23','Lillicrop','4506 Schmedeman Parkway','1969-12-08','Male','111-93-5408',17),('2022-10-06','Brehat','9405 Arrowood Pass','1967-03-15','Female','848-14-9140',19),('2022-11-27','Steiner','63666 Petterle Plaza','2011-03-20','Male','682-63-2579',2),('2022-06-19','Crennan','063 Lighthouse Bay Alley','1997-03-20','Male','142-83-1365',12),('2022-10-03','De Biaggi','712 Jenifer Trail','1986-04-26','Female','355-11-8485',3),('2022-10-13','Fannin','284 Miller Plaza','1988-08-18','Male','740-23-9006',5),('2021-12-10','Eastcott','71 Macpherson Place','1962-03-03','Male','891-69-5256',20),('2022-09-01','Larchier','3845 Loomis Crossing','1982-05-27','Female','463-26-0866',26),('2022-06-23','Sapsford','5 Carey Lane','1971-12-23','Female','456-11-4333',10),('2022-08-01','Wyness','83092 Brentwood Center','2001-05-29','Male','160-59-9672',25),('2022-05-27','Tarr','71069 American Ash Court','1959-12-27','Male','140-40-9442',22),('2022-05-11','Mair','9 Susan Court','1999-01-08','Female','393-37-3516',10),('2022-04-11','Fawke','85 Melrose Pass','1967-11-17','Male','758-72-7077',12),('2022-01-07','Linggood','53 Dottie Plaza','1968-05-09','Male','277-94-1593',20),('2022-11-13','Schimke','9 Grover Lane','2017-10-08','Female','249-01-4258',5),('2022-03-08','Kiendl','65 Little Fleur Drive','2008-01-23','Female','435-79-4291',8),('2022-09-08','Lamp','37824 Harbort Alley','1961-02-06','Female','406-95-2494',21),('2022-02-27','Marchi','347 Oneill Hill','2009-08-22','Female','815-94-4569',3),('2022-11-25','McGlade','69 Sachs Plaza','1957-06-30','Male','817-77-9983',21),('2022-10-19','Doni','9 Maple Lane','1993-05-20','Male','207-57-2247',26),('2022-07-28','Crimes','08576 Lakewood Street','1995-01-27','Male','640-64-8635',24),('2022-10-11','Tabord','0 Hansons Pass','1989-11-15','Male','554-93-9318',19),('2022-04-20','Scolding','9636 Waubesa Place','1969-04-27','Male','439-10-2777',22),('2022-08-02','Floyd','518 Schiller Trail','1985-12-13','Genderqueer','785-02-8116',17),('2022-05-11','Kellert','56524 Spohn Crossing','2008-12-12','Male','111-67-1065',27),('2022-03-27','Nendick','2 Monica Place','2010-06-01','Male','400-95-7773',13),('2021-12-23','Darbey','9710 Village Green Pass','1998-04-03','Male','424-96-3622',11),('2022-07-07','Polamontayne','518 Springview Center','1980-04-03','Female','507-36-6924',20),('2022-04-23','Edy','1195 Huxley Drive','1986-11-23','Male','497-90-0920',10),('2022-12-02','Elsby','99622 Dawn Drive','1984-07-09','Male','153-19-3172',18),('2022-11-02','Filipputti','0 Bay Center','2017-11-25','Male','732-65-8639',4),('2022-11-29','O\'Reilly','0 Kennedy Terrace','2002-07-31','Male','759-12-2281',1),('2022-03-20','Cottesford','37 Duke Road','1996-08-09','Male','421-36-6656',1),('2022-12-04','Jaze','140 Lighthouse Bay Park','1997-10-03','Male','122-63-0407',6),('2022-03-28','Paule','5 Pine View Street','1977-12-19','Male','593-78-1137',9),('2022-03-19','Creelman','54 International Lane','1971-11-01','Male','663-82-1918',23),('2022-01-02','Roches','16 Corry Junction','1998-06-29','Female','338-13-0509',29),('2022-01-14','Cushworth','96 High Crossing Way','2010-01-09','Male','558-24-9420',10),('2022-09-17','Studart','92 Schurz Pass','1971-10-19','Female','722-33-0087',12),('2022-04-11','Marsh','260 Maple Court','2016-10-01','Male','315-11-2563',7),('2022-08-21','Cuckoo','4 Eagle Crest Court','1978-02-12','Female','511-17-8679',12),('2022-03-19','Vasilmanov','432 Hazelcrest Terrace','2009-09-07','Male','798-66-5594',16),('2022-08-04','Frear','7 Old Gate Hill','2013-03-23','Genderqueer','279-33-5837',6),('2022-01-18','Giacaponi','191 South Plaza','2014-04-21','Male','177-20-8469',21),('2022-10-06','Costar','8391 Springview Avenue','1971-02-03','Female','822-28-8755',13),('2022-06-06','Jirek','593 Moulton Avenue','2000-05-21','Female','802-64-7254',15),('2022-04-02','Balassa','0 Dryden Place','1997-10-08','Female','685-73-3317',1),('2022-02-08','Delacour','7 Linden Place','1981-09-28','Male','680-42-6807',8),('2022-05-08','MacDonagh','260 Kingsford Park','1968-02-03','Female','325-87-4488',9),('2022-04-05','McClinton','5 Buhler Junction','2000-10-09','Female','127-40-6112',24),('2022-04-27','Bladesmith','101 Stoughton Plaza','1986-03-18','Female','310-71-6738',16),('2022-10-06','Borland','56284 Sutherland Street','1973-12-02','Female','415-09-0255',30),('2022-06-04','Masden','9 Mendota Alley','2002-03-06','Male','406-05-0280',12),('2022-02-24','MacKereth','21 Briar Crest Crossing','1970-12-24','Male','814-50-0548',17),('2022-02-11','Decort','69 Bonner Road','1977-07-17','Female','158-49-7909',17),('2022-07-01','Higbin','7 Loomis Lane','1951-09-18','Female','648-34-4550',22),('2022-03-17','Whitton','5036 Dennis Crossing','1971-06-27','Male','559-74-6837',21),('2022-07-13','Hardwick','9715 Lighthouse Bay Alley','1957-08-01','Female','721-03-6204',12),('2022-10-02','Cockaday','62300 Lawn Avenue','2014-06-27','Male','797-96-8142',29),('2022-11-27','Brine','823 Crownhardt Alley','1971-02-12','Bigender','222-11-7238',14),('2022-06-17','Skamal','44835 David Circle','2012-06-24','Female','566-94-3212',14),('2021-12-29','Kinsell','5 Village Green Crossing','1983-03-11','Female','358-32-2295',22),('2022-09-12','Craythorne','92 Columbus Plaza','1988-03-06','Male','676-52-1839',8),('2022-01-18','Androsik','3 Haas Road','1979-07-13','Male','206-84-4560',1),('2022-10-17','Winspare','4545 Gateway Pass','1951-06-15','Genderfluid','780-40-1490',12),('2022-10-22','Horrod','331 Portage Alley','1953-02-10','Male','257-39-9169',4),('2022-07-29','Schreurs','5931 Westerfield Junction','1996-04-26','Female','858-12-4691',2),('2022-07-16','Sidey','64 Pearson Way','1996-08-23','Male','779-32-4823',30),('2022-03-20','Grabb','1431 Heffernan Trail','1990-05-19','Male','467-72-1679',16),('2022-11-27','Smallsman','21 Miller Road','1962-04-03','Female','667-19-1251',30),('2022-09-16','Wasmer','8 Coleman Junction','1989-04-29','Male','458-87-3281',5),('2022-01-15','Ivanenkov','6913 American Avenue','2017-05-23','Male','359-41-5534',11),('2022-06-28','Ivashkov','3 Arizona Lane','1995-03-08','Male','816-91-3650',15),('2022-04-15','Hollingsbee','846 Northview Circle','1976-06-20','Female','606-89-4089',2),('2022-10-02','Izhaky','147 Dennis Drive','2019-07-08','Male','830-11-1063',21),('2022-08-01','Guise','916 Meadow Vale Alley','1971-01-03','Male','689-19-9527',11),('2022-01-08','Sandifer','6552 Londonderry Point','2004-05-30','Female','597-41-9867',22),('2022-01-31','Pawle','5 Butternut Street','1973-04-30','Male','461-68-9604',23),('2022-02-19','Anand','94 Fieldstone Drive','1970-01-13','Female','404-67-9564',26),('2022-02-04','Sans','34 Nova Plaza','1972-09-14','Male','185-16-2205',29),('2022-03-23','Albert','76262 Becker Alley','1952-02-09','Non-binary','555-71-7981',13),('2022-12-06','Saphir','34991 Sunnyside Hill','1991-03-06','Male','689-89-5103',17),('2022-07-06','Aven','110 Oak Valley Circle','1954-03-02','Female','776-22-6301',2),('2022-02-15','Wathall','50106 Kim Junction','2021-07-30','Male','387-34-6021',12),('2022-09-22','Dutnall','1171 Bluejay Plaza','1993-03-23','Female','181-51-9568',5),('2022-01-08','Doull','8682 Elmside Place','2016-06-21','Male','650-72-3340',28),('2022-05-29','Elphee','6 Hoepker Way','2015-08-11','Male','555-15-9100',26),('2022-01-25','Castanho','12 4th Drive','1997-10-13','Female','191-81-2324',10),('2022-01-29','Fawckner','427 Gina Alley','2009-01-14','Female','535-59-4688',10),('2022-04-05','Luty','24 Waywood Alley','1994-08-31','Non-binary','715-47-1481',29),('2022-10-05','Lauret','1295 Messerschmidt Plaza','2003-04-05','Male','836-57-2889',21),('2022-08-27','Vicar','65 Lawn Terrace','1975-03-07','Male','413-59-1263',30),('2022-12-06','Robinett','29262 Sunbrook Parkway','1969-07-02','Genderqueer','870-90-2868',3),('2022-03-18','Curton','3126 Darwin Plaza','2020-05-05','Female','861-96-7083',27),('2022-09-13','Karczinski','23 Meadow Valley Hill','2015-05-25','Female','462-73-0172',27),('2022-07-01','Camellini','43 Pawling Alley','1960-10-17','Male','218-86-2825',9),('2022-01-11','Mehew','853 Blackbird Junction','1986-08-07','Female','406-74-1782',1),('2022-11-06','Ciobutaru','9 Lotheville Terrace','2016-11-14','Male','100-55-5297',16),('2022-01-19','Sutheran','20 Eggendart Plaza','1958-09-04','Male','258-72-8010',21),('2022-04-16','Engledow','7583 Southridge Pass','1998-03-03','Male','470-28-5208',5),('2022-06-18','Badini','08389 Del Sol Plaza','2000-05-07','Male','335-18-6231',12),('2022-10-11','Oxlee','3 Farragut Point','2010-06-09','Bigender','104-65-4785',6),('2022-10-17','Crowcum','15990 Lakewood Crossing','1955-07-20','Male','166-09-9229',25),('2022-01-10','Peter','641 Lighthouse Bay Crossing','1967-09-05','Male','616-75-2342',7),('2022-09-28','Temperley','923 Coolidge Court','2006-11-02','Female','259-97-3677',25),('2022-04-07','Nestor','51382 Becker Avenue','1979-03-29','Male','672-94-9806',8),('2022-04-26','Treversh','0 Drewry Place','1982-06-10','Female','725-35-1616',27),('2022-03-10','Sellar','0936 Loftsgordon Trail','2007-03-14','Female','265-50-9545',8),('2022-07-23','Denidge','074 Sycamore Street','2016-11-13','Female','197-49-3802',19),('2022-09-05','Carillo','7950 Sachs Alley','1978-12-30','Male','188-91-7751',20),('2022-06-05','Commuzzo','61995 Nancy Park','1977-09-27','Female','120-32-6809',2),('2022-07-05','Grange','08104 Westend Way','1987-06-30','Male','730-07-1102',22),('2022-05-16','Raithmill','86144 Moulton Parkway','2018-11-04','Male','121-67-1652',4),('2022-07-24','Matthius','82206 Schurz Pass','1956-09-07','Male','387-72-0976',3),('2022-09-04','Mingaud','323 Carpenter Place','1997-01-24','Female','536-76-4930',16),('2022-05-10','Fitzhenry','20093 Hudson Park','1980-02-22','Male','468-28-5692',29),('2022-05-11','Tilson','7 Oxford Way','2003-02-13','Female','869-69-5244',26),('2022-10-31','Harral','0 Utah Road','1969-12-08','Genderqueer','520-29-3528',23),('2022-02-15','Camacke','83 Dunning Place','1958-03-09','Male','638-25-9422',12),('2022-09-04','Lebel','1217 Northport Road','1958-10-27','Male','551-84-7643',7),('2022-08-25','Hussy','23406 Bartelt Place','1976-02-20','Male','816-46-0965',22),('2022-07-17','Hertwell','696 Petterle Court','1994-12-15','Female','465-03-2463',26),('2022-06-01','Worstall','4989 Trailsway Plaza','1978-08-03','Male','574-37-3675',8),('2022-10-27','Claxson','87518 Oak Valley Court','1974-05-30','Female','181-45-0821',22),('2022-01-06','McKeurton','542 Red Cloud Park','2004-03-08','Genderqueer','183-86-0507',22),('2022-03-28','Huitt','597 Iowa Lane','2011-08-25','Female','419-90-0932',20),('2022-05-22','Carreyette','0810 Harbort Park','1957-12-23','Female','874-22-4833',21),('2022-07-11','Drover','95 Starling Park','2001-08-26','Agender','672-44-2751',4),('2022-04-20','Keyes','76 Amoth Junction','1999-07-20','Female','495-45-8214',18),('2022-11-12','Waeland','97 Evergreen Park','1996-08-26','Female','229-10-7454',28),('2022-03-02','Matchett','0 Corry Trail','2008-06-12','Female','691-74-0043',19),('2022-02-16','Santus','73 Karstens Drive','1999-03-03','Female','613-67-5335',11),('2022-03-21','Warmington','7906 Bellgrove Way','1988-09-08','Genderqueer','105-47-0942',28),('2022-10-06','Islep','72351 Rigney Court','2002-01-07','Male','855-25-4309',1),('2022-03-04','Lowne','3620 Ronald Regan Plaza','1988-01-28','Female','806-02-0415',7),('2022-05-01','De Dei','26090 Sunfield Center','1958-09-28','Female','546-06-3284',5),('2022-04-10','Epelett','6 Delaware Alley','1977-11-07','Male','433-70-1357',2),('2022-04-24','Mathely','18178 Glendale Lane','1991-05-21','Female','270-77-1934',25),('2022-01-21','Dhennin','058 Kenwood Lane','1964-12-30','Male','807-20-9964',15),('2022-09-05','Beever','077 Golden Leaf Hill','1986-10-13','Female','461-77-5282',23),('2022-11-28','Cummungs','94565 Bultman Plaza','1953-08-18','Male','531-49-2353',25),('2022-11-14','Garth','2 Bunting Court','1995-02-15','Female','559-43-5446',22),('2022-09-06','Maly','4566 Eastwood Point','1980-06-20','Male','748-93-5450',5),('2022-05-27','Sellor','464 Dunning Alley','1992-09-03','Female','693-44-8180',10),('2022-04-11','Toppin','91 Calypso Hill','1955-04-14','Male','254-85-4333',16),('2022-06-23','Tyers','44 Marquette Trail','2019-05-28','Male','332-68-4744',8),('2022-01-11','Pullan','7006 Continental Center','1997-04-16','Female','149-17-7442',26),('2022-01-22','Bonelle','24360 Old Shore Alley','1984-02-29','Female','389-77-8198',1),('2022-08-08','Glowacha','8 Huxley Circle','1993-03-14','Bigender','181-69-0208',16),('2022-11-16','Glasson','4178 Heffernan Street','1987-11-30','Female','674-04-4436',30),('2022-05-23','Nanson','079 Dayton Circle','1993-10-19','Male','885-08-5978',11),('2022-11-10','Shanklin','976 Marcy Drive','2011-12-21','Male','756-60-2759',27),('2022-09-01','Raithbie','40919 Maple Wood Point','1986-03-17','Female','475-41-6646',18),('2022-08-30','Allworthy','0 Memorial Way','1982-10-28','Female','170-38-4853',22),('2022-06-10','Scotchmoor','81547 Melrose Point','2022-01-13','Female','168-26-3403',20),('2022-03-31','Boddis','83762 Chinook Junction','1998-10-02','Male','435-36-5407',9),('2022-03-06','Reddington','48 David Hill','1972-07-15','Bigender','360-38-3136',5),('2022-11-04','Santoro','47 Elmside Pass','2000-03-29','Male','240-62-6326',14),('2022-01-02','Cauley','880 Dennis Point','1988-04-22','Polygender','779-49-4267',20),('2022-05-21','Navan','7631 Schiller Avenue','1975-05-16','Agender','643-65-0044',16),('2022-03-29','Cajkler','83 Eagan Alley','1985-05-12','Female','457-99-1039',5),('2022-10-08','Forrest','42 Fairfield Plaza','1982-06-05','Female','365-53-2423',14),('2021-12-07','Follos','184 Cody Terrace','2011-09-09','Female','836-70-2572',6),('2022-02-17','Driffield','290 Chinook Park','1978-01-31','Male','558-17-4886',19);
/*!40000 ALTER TABLE `enfermo` ENABLE KEYS */;
UNLOCK TABLES;
/*!40103 SET TIME_ZONE=@OLD_TIME_ZONE */;

/*!40101 SET SQL_MODE=@OLD_SQL_MODE */;
/*!40014 SET FOREIGN_KEY_CHECKS=@OLD_FOREIGN_KEY_CHECKS */;
/*!40014 SET UNIQUE_CHECKS=@OLD_UNIQUE_CHECKS */;
/*!40101 SET CHARACTER_SET_CLIENT=@OLD_CHARACTER_SET_CLIENT */;
/*!40101 SET CHARACTER_SET_RESULTS=@OLD_CHARACTER_SET_RESULTS */;
/*!40101 SET COLLATION_CONNECTION=@OLD_COLLATION_CONNECTION */;
/*!40111 SET SQL_NOTES=@OLD_SQL_NOTES */;

-- Dump completed on 2022-12-07  3:29:28
